code,name,time_key,open,close,high,low,pe_ratio,turnover_rate,volume,turnover,change_rate,last_close
SH.600064,南京高科,2022-01-04 00:00:00,5.5500415,5.6500421,5.6714708,5.5286128,5.429,0.00899,15553571,104996782.0,1.9329868311139642,5.5428986
SH.600064,南京高科,2022-01-05 00:00:00,5.6214705,5.6357563,5.7000424,5.6000418,5.417,0.00586,10132724,68672272.0,-0.25284413367469544,5.6500421
SH.600064,南京高科,2022-01-06 00:00:00,5.6286134,5.6357563,5.6928995,5.6143276,5.417,0.00471,8157472,55286413.0,0.0,5.6357563
SH.600064,南京高科,2022-01-07 00:00:00,5.6643279,5.728614,5.8286146,5.6428992,5.491,0.01004,17365979,119535038.0,1.6476528624915985,5.6357563
SH.600064,南京高科,2022-01-10 00:00:00,5.7714714,5.7500427,5.8214717,5.6928995,5.509,0.00693,11983532,82331347.0,0.3740643024647763,5.728614
SH.600064,南京高科,2022-01-11 00:00:00,5.7643285,5.8357575,5.8857578,5.728614,5.577,0.01091,18882546,131275284.0,1.4906811039855385,5.7500427
SH.600064,南京高科,2022-01-12 00:00:00,5.8214717,5.7714714,5.8429004,5.6928995,5.526,0.00708,12251841,84282362.0,-1.101589639391278,5.8357575
SH.600064,南京高科,2022-01-13 00:00:00,5.7500427,5.7786143,5.8643291,5.7428998,5.532,0.0086,14888060,103437089.0,0.123762200398322,5.7714714
SH.600064,南京高科,2022-01-14 00:00:00,5.8357575,5.7714714,5.8643291,5.7071853,5.526,0.00834,14435912,99578222.0,-0.12360921890910492,5.7786143
SH.600064,南京高科,2022-01-17 00:00:00,5.871472,6.0286158,6.2000454,5.8500433,5.732,0.02698,46677132,335240696.0,4.455439214339685,5.7714714
SH.600064,南京高科,2022-01-18 00:00:00,5.9929013,5.8357575,6.0571874,5.7786143,5.577,0.01688,29203371,204513503.0,-3.199047781416095,6.0286158
SH.600064,南京高科,2022-01-19 00:00:00,5.800043,5.8429004,5.9143294,5.7857572,5.583,0.00759,13141156,91910048.0,0.12239884882126663,5.8357575
SH.600064,南京高科,2022-01-20 00:00:00,5.8500433,5.8357575,5.9071865,5.7929001,5.577,0.00766,13262379,92632038.0,-0.12224921718673708,5.8429004
SH.600064,南京高科,2022-01-21 00:00:00,5.800043,5.7571856,5.8429004,5.6714708,5.514,0.00781,13516484,92727415.0,-1.3463873370337962,5.8357575
SH.600064,南京高科,2022-01-24 00:00:00,5.7214711,5.800043,5.8357575,5.6643279,5.549,0.00741,12830357,88514148.0,0.7444158131709343,5.7571856
SH.600064,南京高科,2022-01-25 00:00:00,5.7857572,5.5786131,5.8357575,5.5786131,5.371,0.00927,16033107,110030757.0,-3.8177285927018043,5.800043
SH.600064,南京高科,2022-01-26 00:00:00,5.6143276,5.6000418,5.6643279,5.514327,5.389,0.00604,10446146,70314193.0,0.3841223547121331,5.5786131
SH.600064,南京高科,2022-01-27 00:00:00,5.5571844,5.5000412,5.6143276,5.4786125,5.308,0.00609,10546016,70377701.0,-1.785711670937877,5.6000418
SH.600064,南京高科,2022-01-28 00:00:00,5.5571844,5.4071835,5.5643273,5.3143258,5.234,0.0073,12628677,83312765.0,-1.688309171211294,5.5000412
SH.600064,南京高科,2022-02-07 00:00:00,5.4643267,5.5428986,5.5786131,5.4643267,5.343,0.0071,12279516,81870156.0,2.5099037234449253,5.4071835
SH.600064,南京高科,2022-02-08 00:00:00,5.5500415,5.7857572,5.7857572,5.5214699,5.537,0.00941,16277423,111130757.0,4.381436817191639,5.5428986
SH.600064,南京高科,2022-02-09 00:00:00,5.7571856,5.7786143,5.8429004,5.7571856,5.532,0.00556,9615860,66626854.0,-0.12345661515142463,5.7857572
SH.600064,南京高科,2022-02-10 00:00:00,5.7786143,5.8643291,5.8643291,5.7571856,5.6,0.00496,8589508,59804515.0,1.4833106269092897,5.7786143
SH.600064,南京高科,2022-02-11 00:00:00,5.871472,5.8571862,5.9214723,5.8357575,5.594,0.00819,14177156,99396885.0,-0.12180250934416079,5.8643291
SH.600064,南京高科,2022-02-14 00:00:00,5.8357575,5.7643285,5.9000436,5.7357569,5.52,0.00673,11641991,80526853.0,-1.5853636341627608,5.8571862
SH.600064,南京高科,2022-02-15 00:00:00,5.7929001,5.6928995,5.800043,5.6643279,5.463,0.00463,8018957,54908696.0,-1.2391556102328343,5.7643285
SH.600064,南京高科,2022-02-16 00:00:00,5.728614,5.7214711,5.7714714,5.7000424,5.486,0.00357,6180979,42396056.0,0.5018813348101326,5.6928995
SH.600064,南京高科,2022-02-17 00:00:00,5.7214711,5.6714708,5.7500427,5.657185,5.446,0.00511,8834086,60225467.0,-0.8739063629981417,5.7214711
SH.600064,南京高科,2022-02-18 00:00:00,5.6214705,5.7857572,5.800043,5.6214705,5.537,0.00767,13269341,91031747.0,2.0151104366084387,5.6714708
SH.600064,南京高科,2022-02-21 00:00:00,5.8143288,5.7857572,5.8429004,5.7143282,5.537,0.00697,12064418,83115372.0,0.0,5.7857572
SH.600064,南京高科,2022-02-22 00:00:00,5.7357569,5.7929001,5.9071865,5.728614,5.543,0.0089,15397999,106900645.0,0.12345661515142463,5.7857572
SH.600064,南京高科,2022-02-23 00:00:00,5.8071859,5.7857572,5.871472,5.7714714,5.537,0.00577,9977471,69090214.0,-0.12330438772800245,5.7929001
SH.600064,南京高科,2022-02-24 00:00:00,5.8143288,5.6714708,5.8929007,5.6143276,5.446,0.00994,17195024,118252004.0,-1.97530584242284,5.7857572
SH.600064,南京高科,2022-02-25 00:00:00,5.7214711,5.7000424,5.8500433,5.6857566,5.469,0.00853,14753922,101717635.0,0.5037776091521137,5.6714708
SH.600064,南京高科,2022-02-28 00:00:00,5.728614,5.6500421,5.7357569,5.6000418,5.429,0.00519,8973580,60743407.0,-0.8771917205387767,5.7000424
SH.600064,南京高科,2022-03-01 00:00:00,5.6786137,5.7428998,5.7714714,5.6500421,5.503,0.00747,12930526,88533023.0,1.6434868688854496,5.6500421
SH.600064,南京高科,2022-03-02 00:00:00,5.7428998,5.7643285,5.8071859,5.6928995,5.52,0.00454,7852942,54106333.0,0.37313379557833154,5.7428998
SH.600064,南京高科,2022-03-03 00:00:00,5.7786143,5.8429004,5.8643291,5.7786143,5.583,0.00767,13266559,92285385.0,1.3630711712561145,5.7643285
SH.600064,南京高科,2022-03-04 00:00:00,5.8786149,5.7857572,5.8786149,5.7428998,5.537,0.0072,12455751,86110671.0,-0.9779937374938054,5.8429004
SH.600064,南京高科,2022-03-07 00:00:00,5.7500427,5.7500427,5.8500433,5.7214711,5.509,0.00638,11039224,76420466.0,-0.6172830757571385,5.7857572
SH.600064,南京高科,2022-03-08 00:00:00,5.7428998,5.4928983,5.7786143,5.4928983,5.303,0.00918,15877027,107060685.0,-4.472043311956616,5.7500427
SH.600064,南京高科,2022-03-09 00:00:00,5.5071841,5.2714684,5.5428986,5.1000388,5.125,0.01137,19667890,126710450.0,-4.0312033448716935,5.4928983
SH.600064,南京高科,2022-03-10 00:00:00,5.3500403,5.4000406,5.442898,5.3071829,5.228,0.00754,13049663,85024576.0,2.439020596234624,5.2714684
SH.600064,南京高科,2022-03-11 00:00:00,5.3786119,5.4571838,5.4786125,5.2428968,5.274,0.00861,14900681,96410270.0,1.058199451315246,5.4000406
SH.600064,南京高科,2022-03-14 00:00:00,5.4643267,5.5286128,5.7643285,5.4286122,5.331,0.01316,22770847,154081108.0,1.308898556797742,5.4571838
SH.600064,南京高科,2022-03-15 00:00:00,5.514327,5.085753,5.5214699,5.0714672,4.977,0.01416,24504141,156796091.0,-8.010324036438217,5.5286128
SH.600064,南京高科,2022-03-16 00:00:00,5.1928965,5.2357539,5.2643255,4.9643237,5.097,0.00937,16211089,101580891.0,2.9494334467285244,5.085753
SH.600064,南京高科,2022-03-17 00:00:00,5.3286116,5.3071829,5.4214693,5.2857542,5.154,0.00871,15076578,97629752.0,1.364254343581737,5.2357539
SH.600064,南京高科,2022-03-18 00:00:00,5.2786113,5.5786131,5.5786131,5.2786113,5.371,0.01321,22865026,150214178.0,5.114393174578554,5.3071829
SH.600064,南京高科,2022-03-21 00:00:00,5.6143276,5.6143276,5.6928995,5.5500415,5.4,0.01219,21088599,141979855.0,0.6402039245202377,5.5786131
SH.600064,南京高科,2022-03-22 00:00:00,5.6286134,5.7929001,5.8214717,5.585756,5.543,0.01711,29607484,203396762.0,3.1806569320963667,5.6143276
SH.600064,南京高科,2022-03-23 00:00:00,5.7500427,5.8571862,5.8857578,5.728614,5.594,0.01259,21777705,150903046.0,1.1097394895520525,5.7929001
SH.600064,南京高科,2022-03-24 00:00:00,5.8357575,5.7929001,5.9500439,5.7857572,5.543,0.01565,27083712,189674111.0,-1.0975594390357668,5.8571862
SH.600064,南京高科,2022-03-25 00:00:00,5.800043,5.8214717,5.9071865,5.7214711,5.566,0.01334,23081059,160476455.0,0.49321755091202507,5.7929001
SH.600064,南京高科,2022-03-28 00:00:00,5.7857572,5.9714726,6.0214729,5.7714714,5.686,0.01513,26184480,184944313.0,2.576683487098292,5.8214717
SH.600064,南京高科,2022-03-29 00:00:00,5.9571868,5.8929007,6.0214729,5.8571862,5.623,0.01011,17500506,123476337.0,-1.3157876668478732,5.9714726
SH.600064,南京高科,2022-03-30 00:00:00,5.9286152,6.1286164,6.2643315,5.9000436,5.812,0.02404,41591432,300392621.0,3.999994433980537,5.8929007
SH.600064,南京高科,2022-03-31 00:00:00,6.0786161,6.1786167,6.3143318,6.0714732,5.852,0.02369,40992074,300031545.0,0.8158497242542341,6.1286164
SH.600064,南京高科,2022-04-01 00:00:00,6.157188,6.3571892,6.3857608,6.0929019,5.995,0.02621,45345752,334698734.0,2.8901695746881266,6.1786167
SH.600064,南京高科,2022-04-06 00:00:00,6.4786185,6.6143336,6.657191,6.3429034,6.201,0.02766,47862620,365410820.0,4.044938602739722,6.3571892
SH.600064,南京高科,2022-04-07 00:00:00,6.5000472,6.2071883,6.514333,6.2071883,5.875,0.02735,47323627,353874367.0,-6.1554999282165,6.6143336
SH.600064,南京高科,2022-04-08 00:00:00,6.1643309,6.371475,6.3857608,6.0929019,6.006,0.02466,42663122,315617107.0,2.6467168717920138,6.2071883
SH.600064,南京高科,2022-04-11 00:00:00,6.4071895,6.1429022,6.442904,6.1143306,5.823,0.02285,39546526,293388186.0,-3.587439329197717,6.371475
SH.600064,南京高科,2022-04-12 00:00:00,6.1786167,6.1214735,6.2571886,6.0429016,5.806,0.01633,28255071,205928313.0,-0.3488367436486358,6.1429022
SH.600064,南京高科,2022-04-13 00:00:00,6.1143306,6.0286158,6.1643309,5.942901,5.732,0.01448,25056407,179601606.0,-1.516917454596507,6.1214735
SH.600064,南京高科,2022-04-14 00:00:00,6.0714732,6.1714738,6.2357599,6.0429016,5.846,0.01478,25579306,186328932.0,2.3696650232711858,6.0286158
SH.600064,南京高科,2022-04-15 00:00:00,6.1500451,6.1214735,6.2571886,6.0643303,5.806,0.01558,26951328,196597626.0,-0.8101841086970288,6.1714738
SH.600064,南京高科,2022-04-18 00:00:00,6.0357587,6.1071877,6.2857602,5.9929013,5.795,0.01374,23776270,173058804.0,-0.23337191609176586,6.1214735
SH.600064,南京高科,2022-04-19 00:00:00,6.157188,6.3143318,6.3214747,6.01433,5.961,0.01522,26336520,193141220.0,3.391808311377098,6.1071877
SH.600064,南京高科,2022-04-20 00:00:00,6.7214771,6.7714774,7.0214789,6.6000478,5.541,0.04395,76043601,600911937.0,7.239809602656619,6.3143318
SH.600064,南京高科,2022-04-21 00:00:00,6.72862,6.1857596,6.7857632,6.1357593,5.13,0.04092,70796913,535410853.0,-8.649778554972364,6.7714774
SH.600064,南京高科,2022-04-22 00:00:00,6.2571886,6.5429046,6.6071907,6.2500457,5.38,0.02886,49940346,380439623.0,5.773664401700965,6.1857596
SH.600064,南京高科,2022-04-25 00:00:00,6.4143324,6.0071871,6.5071901,5.9786155,5.005,0.03095,53557894,391768537.0,-8.187762664306607,6.5429046
SH.600064,南京高科,2022-04-26 00:00:00,6.1286164,5.9786155,6.2857602,5.9786155,4.984,0.02403,41586987,300788401.0,-0.4756236075949799,6.0071871
SH.600064,南京高科,2022-04-27 00:00:00,5.871472,6.1143306,6.1286164,5.7143282,5.08,0.02247,38879416,274103861.0,2.270008833985053,5.9786155
SH.600064,南京高科,2022-04-28 00:00:00,6.0500445,6.3071889,6.3429034,6.0000442,5.215,0.02431,42067208,310446553.0,3.154201377334751,6.1143306
SH.600064,南京高科,2022-04-29 00:00:00,6.300046,6.6000478,6.6214765,6.2643315,5.42,0.03074,53187110,407018579.0,4.643255571432143,6.3071889
SH.600064,南京高科,2022-05-05 00:00:00,6.6786197,6.5714762,6.6786197,6.4643327,5.4,0.02214,38311631,294767832.0,-0.4328998950583262,6.6000478
SH.600064,南京高科,2022-05-06 00:00:00,6.4071895,6.2929031,6.4500469,6.2214741,5.205,0.01975,34174994,255461347.0,-4.239125145123404,6.5714762
SH.600064,南京高科,2022-05-09 00:00:00,6.2429028,6.5429046,6.5500475,6.2357599,5.38,0.01736,30034961,227293601.0,3.9727530525616985,6.2929031
SH.600064,南京高科,2022-05-10 00:00:00,6.4500469,6.5643333,6.5714762,6.3429034,5.395,0.01798,31112426,236412706.0,0.3275105065722708,6.5429046
SH.600064,南京高科,2022-05-11 00:00:00,6.5643333,6.4857614,6.6643339,6.4714756,5.34,0.01939,33544978,258542252.0,-1.1969517148070472,6.5643333
SH.600064,南京高科,2022-05-12 00:00:00,6.4500469,6.4214753,6.5286188,6.2929031,5.295,0.01244,21524078,162227910.0,-0.9911881741440618,6.4857614
SH.600064,南京高科,2022-05-13 00:00:00,6.4643327,6.9143354,6.9786215,6.4143324,5.641,0.03697,63976390,503149372.0,7.675184859778246,6.4214753
SH.600064,南京高科,2022-05-16 00:00:00,7.0714792,6.800049,7.085765,6.7357629,5.561,0.02635,45590098,363032709.0,-1.6528906017489422,6.9143354
SH.600064,南京高科,2022-05-17 00:00:00,6.800049,6.8214777,6.8786209,6.6643339,5.576,0.01638,28350705,223638801.0,0.31512567041796924,6.800049
SH.600064,南京高科,2022-05-18 00:00:00,6.8214777,6.6643339,6.8214777,6.6143336,5.465,0.01554,26881961,210425307.0,-2.3036621522635787,6.8214777
SH.600064,南京高科,2022-05-19 00:00:00,6.585762,6.6643339,6.7500487,6.5500475,5.465,0.01443,24977258,194066673.0,0.0,6.6643339
SH.600064,南京高科,2022-05-20 00:00:00,6.585762,6.7357629,6.9643357,6.5786191,5.516,0.01615,27947697,219798041.0,1.071810042410993,6.6643339
SH.600064,南京高科,2022-05-23 00:00:00,6.7000484,6.7786203,6.7929061,6.6357623,5.546,0.01371,23729027,185669607.0,0.6362664576569335,6.7357629
SH.600064,南京高科,2022-05-24 00:00:00,6.72862,6.4786185,6.7500487,6.4786185,5.335,0.0134,23186948,179393418.0,-4.425705921306736,6.7786203
SH.600064,南京高科,2022-05-25 00:00:00,6.5000472,6.5571904,6.5714762,6.4786185,5.39,0.00722,12486548,95654652.0,1.2127878806260939,6.4786185
SH.600064,南京高科,2022-05-26 00:00:00,6.5786191,6.6071907,6.6714768,6.5357617,5.425,0.0098,16953587,131297470.0,0.7625262795480312,6.5571904
SH.600064,南京高科,2022-05-27 00:00:00,6.6357623,6.5929049,6.6643339,6.585762,5.415,0.00866,14978686,116065133.0,-0.21621594787631254,6.6071907
SH.600064,南京高科,2022-05-30 00:00:00,6.585762,6.6071907,6.6714768,6.5429046,5.425,0.00843,14586874,112771534.0,0.21668445422291122,6.5929049
SH.600064,南京高科,2022-05-31 00:00:00,6.6143336,6.6214765,6.6286194,6.5429046,5.435,0.00832,14388808,111157441.0,0.21621594787629908,6.6071907
SH.600064,南京高科,2022-06-01 00:00:00,6.6214765,6.6714768,6.72862,6.585762,5.47,0.01071,18526870,144489039.0,0.7551231209534577,6.6214765
SH.600064,南京高科,2022-06-02 00:00:00,6.6214765,6.6143336,6.6429052,6.5643333,5.43,0.00741,12816361,99066456.0,-0.8565299964769362,6.6714768
SH.600064,南京高科,2022-06-06 00:00:00,6.585762,6.6143336,6.6286194,6.4714756,5.43,0.01167,20193128,155212446.0,0.0,6.6143336
SH.600064,南京高科,2022-06-07 00:00:00,6.5929049,6.6429052,6.6857626,6.585762,5.45,0.00933,16151693,125445385.0,0.4319649072432671,6.6143336
SH.600064,南京高科,2022-06-08 00:00:00,6.6500481,6.5643333,6.6786197,6.5071901,5.395,0.01004,17380811,134017796.0,-1.1827942388821087,6.6429052
SH.600064,南京高科,2022-06-09 00:00:00,6.5500475,6.6071907,6.6286194,6.5429046,5.425,0.00727,12587426,97213744.0,0.6528827535311154,6.5643333
SH.600064,南京高科,2022-06-10 00:00:00,6.5714762,6.6214765,6.6357623,6.5214759,5.435,0.00993,17188260,132292919.0,0.21621594787629908,6.6071907
SH.600064,南京高科,2022-06-13 00:00:00,6.5500475,6.4571898,6.5929049,6.4000466,5.32,0.011,19025840,145066149.0,-2.4811188259899417,6.6214765
SH.600064,南京高科,2022-06-14 00:00:00,6.4000466,6.6000478,6.6000478,6.3643321,5.42,0.0106,18347070,139500072.0,2.212386571012664,6.4571898
SH.600064,南京高科,2022-06-15 00:00:00,6.6214765,6.7357629,6.8357635,6.6000478,5.516,0.01985,34342068,270530779.0,2.056274501527103,6.6000478
SH.600064,南京高科,2022-06-16 00:00:00,6.7429058,6.6286194,6.7857632,6.6214765,5.44,0.01011,17487429,136760747.0,-1.5906661441423404,6.7357629
SH.600064,南京高科,2022-06-17 00:00:00,6.6357623,6.6286194,6.657191,6.5214759,5.44,0.00744,12871597,99590090.0,0.0,6.6286194
SH.600064,南京高科,2022-06-20 00:00:00,6.6143336,6.6857626,6.7214771,6.5786191,5.48,0.00804,13910790,108520717.0,0.8620678990862034,6.6286194
SH.600064,南京高科,2022-06-21 00:00:00,6.7000484,6.657191,6.7786203,6.6000478,5.46,0.00897,15519299,121610320.0,-0.4273499032107459,6.6857626
SH.600064,南京高科,2022-06-22 00:00:00,6.6714768,6.5500475,6.6857626,6.5429046,5.385,0.00714,12355383,95659933.0,-1.6094400776543782,6.657191
SH.600064,南京高科,2022-06-23 00:00:00,6.5500475,6.6643339,6.6643339,6.5000472,5.465,0.00708,12242865,94557935.0,1.744817881091704,6.5500475
SH.600064,南京高科,2022-06-24 00:00:00,6.6714768,6.657191,6.6929055,6.6286194,5.46,0.0057,9863322,76769260.0,-0.10718100424109663,6.6643339
SH.600064,南京高科,2022-06-27 00:00:00,6.6643339,6.6714768,6.7429058,6.6643339,5.47,0.0086,14882456,116548339.0,0.2145920103539118,6.657191
SH.600064,南京高科,2022-06-28 00:00:00,6.6714768,6.7857632,6.7857632,6.6643339,5.551,0.01023,17704691,139235733.0,1.713059992953886,6.6714768
SH.600064,南京高科,2022-06-29 00:00:00,6.7643345,6.7429058,6.8786209,6.7429058,5.521,0.01508,26091177,207616350.0,-0.6315781841606252,6.7857632
SH.600064,南京高科,2022-06-30 00:00:00,6.7714774,6.72862,6.7857632,6.6929055,5.511,0.0115,19901859,156456302.0,-0.21186414913285131,6.7429058
SH.600064,南京高科,2022-07-01 00:00:00,6.7357629,6.7500487,6.800049,6.7000484,5.526,0.00756,13085896,103150581.0,0.31847094946659976,6.72862
SH.600064,南京高科,2022-07-04 00:00:00,6.7000484,6.5429046,6.7214771,6.4357611,5.38,0.01914,33116123,253920857.0,-3.0687793408068273,6.7500487
SH.600064,南京高科,2022-07-05 00:00:00,6.5429046,6.5500475,6.6000478,6.4929043,5.385,0.01069,18501298,141981256.0,0.10917016885741909,6.5429046
SH.600064,南京高科,2022-07-06 00:00:00,6.5286188,6.3643321,6.5643333,6.2786173,5.255,0.01544,26722448,200428112.0,-2.835329056774007,6.5500475
SH.600064,南京高科,2022-07-07 00:00:00,6.371475,6.3929037,6.4071895,6.3143318,5.275,0.00539,9329474,69911526.0,0.44893320384709906,6.3643321
SH.600064,南京高科,2022-07-08 00:00:00,6.4000466,6.4571898,6.4571898,6.3786179,5.32,0.00609,10542130,79617201.0,1.0055853023407868,6.3929037
SH.600064,南京高科,2022-07-11 00:00:00,6.4929043,6.4286182,6.5000472,6.3929037,5.3,0.00965,16701036,126433554.0,-0.4424773142025383,6.4571898
SH.600064,南京高科,2022-07-12 00:00:00,6.442904,6.4929043,6.5357617,6.3929037,5.345,0.00763,13201470,100445722.0,0.9999987244537302,6.4286182
SH.600064,南京高科,2022-07-13 00:00:00,6.514333,6.5000472,6.5429046,6.4857614,5.35,0.00771,13333447,101830865.0,0.11001086216533087,6.4929043
SH.600064,南京高科,2022-07-14 00:00:00,6.5000472,6.3143318,6.5000472,6.2857602,5.22,0.01315,22749230,169800118.0,-2.8571392527734307,6.5000472
SH.600064,南京高科,2022-07-15 00:00:00,6.32,6.18,6.4,6.18,4.824,0.00747,12927400,90464969.0,-2.1274111696189295,6.3143318
SH.600064,南京高科,2022-07-18 00:00:00,6.18,6.19,6.25,6.07,4.831,0.00857,14835922,101781775.0,0.16181229773463876,6.18
SH.600064,南京高科,2022-07-19 00:00:00,6.19,6.19,6.2,6.11,4.831,0.00712,12311962,84359198.0,0.0,6.19
SH.600064,南京高科,2022-07-20 00:00:00,6.18,6.13,6.2,6.12,4.789,0.00539,9327457,63930309.0,-0.9693053311793295,6.19
SH.600064,南京高科,2022-07-21 00:00:00,6.1,6.01,6.15,6.01,4.705,0.0061,10546717,71232807.0,-1.9575856443719433,6.13
SH.600064,南京高科,2022-07-22 00:00:00,5.99,5.9,6.03,5.82,4.628,0.00781,13513581,89398867.0,-1.8302828618968294,6.01
SH.600064,南京高科,2022-07-25 00:00:00,5.88,5.86,5.98,5.83,4.6,0.00524,9073943,59909637.0,-0.6779661016949159,5.9
SH.600064,南京高科,2022-07-26 00:00:00,5.86,5.99,6.04,5.86,4.691,0.00651,11269054,75154606.0,2.2184300341296908,5.86
SH.600064,南京高科,2022-07-27 00:00:00,5.98,5.93,5.98,5.89,4.649,0.00535,9262312,61354136.0,-1.0016694490818112,5.99
SH.600064,南京高科,2022-07-28 00:00:00,5.94,5.97,6.02,5.93,4.677,0.00558,9662805,64498580.0,0.674536256323778,5.93
SH.600064,南京高科,2022-07-29 00:00:00,5.99,5.91,5.99,5.91,4.635,0.00431,7458419,49558624.0,-1.0050251256281342,5.97
SH.600064,南京高科,2022-08-01 00:00:00,5.95,6.06,6.07,5.92,4.74,0.00779,13486571,90596454.0,2.538071065989839,5.91
SH.600064,南京高科,2022-08-02 00:00:00,6.03,5.9,6.03,5.82,4.628,0.00897,15513666,102482470.0,-2.6402640264026283,6.06
SH.600064,南京高科,2022-08-03 00:00:00,5.92,5.83,6.01,5.81,4.579,0.00587,10151294,67393411.0,-1.1864406779661063,5.9
SH.600064,南京高科,2022-08-04 00:00:00,5.85,5.89,5.9,5.8,4.621,0.00469,8120625,53219525.0,1.0291595197255508,5.83
SH.600064,南京高科,2022-08-05 00:00:00,5.92,5.91,5.97,5.84,4.635,0.0042,7273920,47934283.0,0.3395585738539977,5.89
SH.600064,南京高科,2022-08-08 00:00:00,5.92,5.96,6.01,5.88,4.67,0.00405,7010356,46710551.0,0.8460236886632796,5.91
SH.600064,南京高科,2022-08-09 00:00:00,5.99,5.98,6.03,5.92,4.684,0.00404,6984042,46597120.0,0.33557046979866545,5.96
SH.600064,南京高科,2022-08-10 00:00:00,5.96,5.96,5.98,5.91,4.67,0.00309,5340428,35505998.0,-0.33444816053512477,5.98
SH.600064,南京高科,2022-08-11 00:00:00,5.97,6.06,6.06,5.97,4.74,0.00558,9661587,65072155.0,1.6778523489932826,5.96
SH.600064,南京高科,2022-08-12 00:00:00,6.03,6.1,6.11,6.03,4.768,0.00494,8550249,57991374.0,0.6600660066006607,6.06
SH.600064,南京高科,2022-08-15 00:00:00,6.1,6.11,6.14,6.07,4.775,0.0052,8990076,61260249.0,0.1639344262295193,6.1
SH.600064,南京高科,2022-08-16 00:00:00,6.08,6.19,6.19,6.08,4.831,0.00538,9302142,63904310.0,1.3093289689034382,6.11
SH.600064,南京高科,2022-08-17 00:00:00,6.21,6.27,6.27,6.16,4.887,0.00501,8670456,60062017.0,1.292407108239082,6.19
SH.600064,南京高科,2022-08-18 00:00:00,6.21,6.11,6.21,6.09,5.07,0.00877,15171340,103583151.0,-2.5518341307814874,6.27
SH.600064,南京高科,2022-08-19 00:00:00,6.11,6.11,6.19,6.1,5.07,0.00548,9476063,64751201.0,0.0,6.11
SH.600064,南京高科,2022-08-22 00:00:00,6.1,6.19,6.22,6.07,5.13,0.00675,11674055,80071796.0,1.3093289689034382,6.11
SH.600064,南京高科,2022-08-23 00:00:00,6.18,6.2,6.2,6.13,5.137,0.00397,6872762,47187663.0,0.16155088852988345,6.19
SH.600064,南京高科,2022-08-24 00:00:00,6.18,6.08,6.2,6.07,5.048,0.00486,8404250,57291061.0,-1.9354838709677438,6.2
SH.600064,南京高科,2022-08-25 00:00:00,6.12,6.16,6.17,6.06,5.107,0.00481,8317711,56682845.0,1.3157894736842117,6.08
SH.600064,南京高科,2022-08-26 00:00:00,6.15,6.14,6.19,6.11,5.093,0.00337,5823793,39908571.0,-0.32467532467533217,6.16
SH.600064,南京高科,2022-08-29 00:00:00,6.08,6.18,6.19,6.03,5.122,0.00568,9823213,67116233.0,0.6514657980456032,6.14
SH.600064,南京高科,2022-08-30 00:00:00,6.16,6.23,6.25,6.16,5.16,0.00496,8586261,59360247.0,0.8090614886731508,6.18
SH.600064,南京高科,2022-08-31 00:00:00,6.19,6.19,6.25,6.16,5.13,0.0059,10202841,70529488.0,-0.6420545746388449,6.23
SH.600064,南京高科,2022-09-01 00:00:00,6.21,6.34,6.42,6.2,5.241,0.01083,18740480,131996900.0,2.423263327948295,6.19
SH.600064,南京高科,2022-09-02 00:00:00,6.34,6.3,6.39,6.24,5.212,0.00625,10812464,75747007.0,-0.6309148264984233,6.34
SH.600064,南京高科,2022-09-05 00:00:00,6.28,6.38,6.41,6.26,5.271,0.00721,12468331,87866340.0,1.269841269841271,6.3
SH.600064,南京高科,2022-09-06 00:00:00,6.39,6.48,6.5,6.38,5.346,0.0108,18692536,133991011.0,1.5673981191222657,6.38
SH.600064,南京高科,2022-09-07 00:00:00,6.48,6.54,6.56,6.4,5.39,0.00799,13821256,99480334.0,0.9259259259259198,6.48
SH.600064,南京高科,2022-09-08 00:00:00,6.54,6.56,6.62,6.47,5.405,0.00719,12448936,90091987.0,0.3058103975535103,6.54
SH.600064,南京高科,2022-09-09 00:00:00,6.55,6.65,6.67,6.51,5.472,0.01039,17980599,132010881.0,1.3719512195122066,6.56
SH.600064,南京高科,2022-09-13 00:00:00,6.68,6.68,6.85,6.62,5.495,0.01618,28002310,208161281.0,0.4511278195488626,6.65
SH.600064,南京高科,2022-09-14 00:00:00,6.62,6.79,6.86,6.59,5.577,0.01652,28583002,213647323.0,1.6467065868263524,6.68
SH.600064,南京高科,2022-09-15 00:00:00,6.81,6.86,6.95,6.77,5.629,0.018,31145230,235538730.0,1.0309278350515505,6.79
SH.600064,南京高科,2022-09-16 00:00:00,6.83,6.64,6.95,6.64,5.465,0.01919,33211056,248695379.0,-3.206997084548114,6.86
SH.600064,南京高科,2022-09-19 00:00:00,6.65,6.75,6.85,6.58,5.547,0.01674,28963903,215449257.0,1.6566265060241014,6.64
SH.600064,南京高科,2022-09-20 00:00:00,6.76,6.59,6.83,6.56,5.428,0.01288,22292867,163880056.0,-2.3703703703703725,6.75
SH.600064,南京高科,2022-09-21 00:00:00,6.61,6.74,6.78,6.54,5.539,0.01205,20855903,153927440.0,2.2761760242792164,6.59
SH.600064,南京高科,2022-09-22 00:00:00,6.71,6.61,6.75,6.55,5.443,0.009,15566191,113840047.0,-1.9287833827893157,6.74
SH.600064,南京高科,2022-09-23 00:00:00,6.61,6.57,6.76,6.54,5.413,0.00715,12363521,90693725.0,-0.6051437216338886,6.61
SH.600064,南京高科,2022-09-26 00:00:00,6.52,6.37,6.57,6.36,5.264,0.01131,19573714,139855390.0,-3.044140030441403,6.57
SH.600064,南京高科,2022-09-27 00:00:00,6.45,6.5,6.52,6.3,5.361,0.00734,12695403,90534681.0,2.0408163265306105,6.37
SH.600064,南京高科,2022-09-28 00:00:00,6.45,6.34,6.5,6.32,5.241,0.00578,10009624,70805394.0,-2.4615384615384635,6.5
SH.600064,南京高科,2022-09-29 00:00:00,6.38,6.2,6.42,6.16,5.137,0.00866,14986524,104198775.0,-2.2082018927444746,6.34
SH.600064,南京高科,2022-09-30 00:00:00,6.23,6.21,6.3,6.18,5.145,0.00488,8451385,58627107.0,0.16129032258064172,6.2
SH.600064,南京高科,2022-10-10 00:00:00,6.21,6.11,6.36,6.08,5.07,0.00945,16354422,112623672.0,-1.6103059581320394,6.21
SH.600064,南京高科,2022-10-11 00:00:00,6.11,6.13,6.18,6.02,5.085,0.00507,8767531,59753767.0,0.3273322422258522,6.11
SH.600064,南京高科,2022-10-12 00:00:00,6.12,6.2,6.21,6.01,5.137,0.00758,13124224,89388156.0,1.1419249592169702,6.13
SH.600064,南京高科,2022-10-13 00:00:00,6.19,6.07,6.2,6.04,5.04,0.00677,11714654,79452750.0,-2.0967741935483852,6.2
SH.600064,南京高科,2022-10-14 00:00:00,6.11,6.15,6.18,6.08,5.1,0.00693,11992257,82074814.0,1.3179571663920933,6.07
SH.600064,南京高科,2022-10-17 00:00:00,6.09,6.15,6.2,6.05,5.1,0.0062,10729389,73334207.0,0.0,6.15
SH.600064,南京高科,2022-10-18 00:00:00,6.18,6.13,6.27,6.11,5.085,0.00768,13296540,91341554.0,-0.3252032520325278,6.15
SH.600064,南京高科,2022-10-19 00:00:00,6.13,6.04,6.16,6.04,5.018,0.0063,10893143,73767884.0,-1.4681892332789537,6.13
SH.600064,南京高科,2022-10-20 00:00:00,6.04,5.96,6.06,5.94,4.959,0.00597,10335323,69026484.0,-1.3245033112582794,6.04
SH.600064,南京高科,2022-10-21 00:00:00,6.0,5.98,6.07,5.97,4.973,0.00512,8857115,59480240.0,0.33557046979866545,5.96
SH.600064,南京高科,2022-10-24 00:00:00,5.95,5.77,6.05,5.73,4.817,0.00941,16282823,106913051.0,-3.511705685618743,5.98
SH.600064,南京高科,2022-10-25 00:00:00,5.75,5.69,5.82,5.63,4.758,0.00633,10953232,69997760.0,-1.386481802426329,5.77
SH.600064,南京高科,2022-10-26 00:00:00,5.66,5.65,5.77,5.63,4.728,0.00581,10061118,64319767.0,-0.7029876977152906,5.69
SH.600064,南京高科,2022-10-27 00:00:00,5.64,5.71,5.75,5.6,4.772,0.00552,9551614,61202056.0,1.0619469026548602,5.65
SH.600064,南京高科,2022-10-28 00:00:00,5.7,5.58,5.71,5.58,4.676,0.00576,9967308,63182165.0,-2.2767075306479843,5.71
SH.600064,南京高科,2022-10-31 00:00:00,5.58,5.51,5.65,5.45,4.7,0.00665,11504785,71558274.0,-1.2544802867383564,5.58
SH.600064,南京高科,2022-11-01 00:00:00,5.54,5.6,5.62,5.51,4.769,0.00677,11717965,73389077.0,1.6333938294010864,5.51
SH.600064,南京高科,2022-11-02 00:00:00,5.6,5.64,5.66,5.57,4.799,0.00616,10657797,67471936.0,0.714285714285715,5.6
SH.600064,南京高科,2022-11-03 00:00:00,5.59,5.59,5.63,5.54,4.761,0.00466,8066022,50708201.0,-0.8865248226950324,5.64
SH.600064,南京高科,2022-11-04 00:00:00,5.61,5.7,5.73,5.58,4.844,0.00613,10614824,67608179.0,1.9677996422182524,5.59
SH.600064,南京高科,2022-11-07 00:00:00,5.69,5.73,5.74,5.64,4.867,0.00664,11488686,73511636.0,0.5263157894736885,5.7
SH.600064,南京高科,2022-11-08 00:00:00,5.73,5.7,5.75,5.66,4.844,0.00473,8192918,52409391.0,-0.5235602094240881,5.73
SH.600064,南京高科,2022-11-09 00:00:00,5.68,5.72,5.81,5.68,4.859,0.00735,12709757,82167451.0,0.3508771929824486,5.7
SH.600064,南京高科,2022-11-10 00:00:00,5.7,5.77,5.78,5.62,4.897,0.00538,9310333,59882393.0,0.8741258741258711,5.72
SH.600064,南京高科,2022-11-11 00:00:00,5.83,6.03,6.17,5.83,5.094,0.01757,30401805,203776267.0,4.506065857885627,5.77
SH.600064,南京高科,2022-11-14 00:00:00,6.15,6.08,6.24,6.06,5.132,0.01428,24700607,168776678.0,0.8291873963515726,6.03
SH.600064,南京高科,2022-11-15 00:00:00,6.09,6.18,6.24,6.04,5.208,0.0107,18523115,127429059.0,1.644736842105257,6.08
SH.600064,南京高科,2022-11-16 00:00:00,6.18,6.17,6.2,6.14,5.2,0.0069,11944363,82071982.0,-0.16181229773462438,6.18
SH.600064,南京高科,2022-11-17 00:00:00,6.15,6.18,6.2,6.09,5.208,0.00702,12144324,83134367.0,0.16207455429497222,6.17
SH.600064,南京高科,2022-11-18 00:00:00,6.17,6.13,6.2,6.09,5.17,0.00659,11405225,78081029.0,-0.8090614886731363,6.18
SH.600064,南京高科,2022-11-21 00:00:00,6.14,6.14,6.18,6.01,5.177,0.00648,11207146,76188607.0,0.1631321370309916,6.13
SH.600064,南京高科,2022-11-22 00:00:00,6.18,6.21,6.25,6.12,5.23,0.00717,12415175,85560032.0,1.1400651465798093,6.14
SH.600064,南京高科,2022-11-23 00:00:00,6.17,6.2,6.26,6.16,5.223,0.00573,9908766,68446431.0,-0.1610305958132011,6.21
SH.600064,南京高科,2022-11-24 00:00:00,6.27,6.31,6.34,6.23,5.306,0.00951,16456270,115178662.0,1.7741935483870874,6.2
SH.600064,南京高科,2022-11-25 00:00:00,6.31,6.45,6.51,6.31,5.412,0.01158,20038908,143146715.0,2.218700475435825,6.31
SH.600064,南京高科,2022-11-28 00:00:00,6.4,6.47,6.5,6.3,5.427,0.01063,18390607,131008187.0,0.3100775193798383,6.45
SH.600064,南京高科,2022-11-29 00:00:00,6.65,6.75,6.84,6.52,5.639,0.02413,41749941,308841058.0,4.3276661514683195,6.47
SH.600064,南京高科,2022-11-30 00:00:00,6.71,6.65,6.87,6.63,5.563,0.0226,39109580,290831056.0,-1.481481481481476,6.75
SH.600064,南京高科,2022-12-01 00:00:00,6.64,6.51,6.71,6.49,5.457,0.01569,27151631,197837871.0,-2.105263157894745,6.65
SH.600064,南京高科,2022-12-02 00:00:00,6.53,6.44,6.53,6.39,5.404,0.00932,16123926,115064581.0,-1.0752688172042917,6.51
SH.600064,南京高科,2022-12-05 00:00:00,6.48,6.55,6.6,6.47,5.488,0.00971,16809547,121921607.0,1.7080745341614818,6.44
SH.600064,南京高科,2022-12-06 00:00:00,6.56,6.54,6.61,6.5,5.48,0.00938,16233956,117746750.0,-0.1526717557251876,6.55
SH.600064,南京高科,2022-12-07 00:00:00,6.52,6.53,6.59,6.42,5.473,0.00893,15459239,111371610.0,-0.15290519877675515,6.54
SH.600064,南京高科,2022-12-08 00:00:00,6.51,6.56,6.6,6.49,5.495,0.0086,14882589,107989940.0,0.4594180704440943,6.53
SH.600064,南京高科,2022-12-09 00:00:00,6.59,6.36,6.66,6.36,5.344,0.01378,23837010,172000565.0,-3.0487804878048674,6.56
SH.600064,南京高科,2022-12-12 00:00:00,6.46,6.39,6.56,6.38,5.367,0.01269,21953420,157186975.0,0.4716981132075371,6.36
SH.600064,南京高科,2022-12-13 00:00:00,6.4,6.45,6.48,6.33,5.412,0.00815,14096267,100282521.0,0.9389671361502425,6.39
SH.600064,南京高科,2022-12-14 00:00:00,6.42,6.38,6.48,6.35,5.359,0.00643,11119938,78928472.0,-1.0852713178294617,6.45
SH.600064,南京高科,2022-12-15 00:00:00,6.36,6.35,6.42,6.33,5.336,0.00457,7899681,55774004.0,-0.47021943573668107,6.38
SH.600064,南京高科,2022-12-16 00:00:00,6.37,6.38,6.45,6.32,5.359,0.0056,9694301,68687958.0,0.47244094488189375,6.35
SH.600064,南京高科,2022-12-19 00:00:00,6.38,6.26,6.43,6.19,5.268,0.00716,12386652,86533248.0,-1.8808777429467103,6.38
SH.600064,南京高科,2022-12-20 00:00:00,6.2,6.16,6.27,6.13,5.193,0.00586,10144544,70021840.0,-1.5974440894568633,6.26
SH.600064,南京高科,2022-12-21 00:00:00,6.18,6.11,6.21,6.08,5.155,0.0042,7272163,49773928.0,-0.8116883116883088,6.16
SH.600064,南京高科,2022-12-22 00:00:00,6.17,6.06,6.24,6.02,5.117,0.00554,9593310,65713799.0,-0.8183306055646596,6.11
SH.600064,南京高科,2022-12-23 00:00:00,6.0,6.03,6.15,5.99,5.094,0.00339,5859085,39582688.0,-0.49504950495048455,6.06
SH.600064,南京高科,2022-12-26 00:00:00,6.03,5.94,6.04,5.9,5.026,0.0052,9004179,60018441.0,-1.4925373134328335,6.03
SH.600064,南京高科,2022-12-27 00:00:00,5.98,6.05,6.07,5.96,5.109,0.00478,8267039,55643104.0,1.851851851851842,5.94
SH.600064,南京高科,2022-12-28 00:00:00,6.05,5.98,6.06,5.87,5.056,0.00514,8896542,59287094.0,-1.1570247933884197,6.05
SH.600064,南京高科,2022-12-29 00:00:00,5.97,5.87,6.02,5.86,4.973,0.00399,6900048,45613540.0,-1.8394648829431492,5.98
SH.600064,南京高科,2022-12-30 00:00:00,5.92,5.91,5.93,5.87,5.003,0.00333,5759519,38054932.0,0.6814310051107332,5.87
SH.600064,南京高科,2023-01-03 00:00:00,5.91,6.0,6.01,5.91,5.071,0.00617,10673438,71228399.0,1.5228426395939063,5.91
SH.600064,南京高科,2023-01-04 00:00:00,5.98,6.1,6.15,5.97,5.147,0.00708,12245264,83087901.0,1.6666666666666607,6.0
SH.600064,南京高科,2023-01-05 00:00:00,6.11,6.11,6.14,6.07,5.155,0.00578,9999493,68066292.0,0.1639344262295193,6.1
SH.600064,南京高科,2023-01-06 00:00:00,6.17,6.04,6.17,6.02,5.102,0.00628,10862459,73585344.0,-1.145662847790512,6.11
SH.600064,南京高科,2023-01-09 00:00:00,6.05,5.97,6.06,5.96,5.049,0.00703,12161503,81541741.0,-1.1589403973509982,6.04
SH.600064,南京高科,2023-01-10 00:00:00,5.96,5.89,5.99,5.87,4.988,0.00513,8884005,58824784.0,-1.3400335008375222,5.97
SH.600064,南京高科,2023-01-11 00:00:00,5.88,5.88,5.96,5.86,4.981,0.00484,8376924,55321418.0,-0.1697792869269913,5.89
SH.600064,南京高科,2023-01-12 00:00:00,5.87,5.82,5.91,5.8,4.935,0.00529,9145224,59736801.0,-1.0204081632652995,5.88
SH.600064,南京高科,2023-01-13 00:00:00,5.82,5.86,5.87,5.82,4.965,0.00395,6836930,44759229.0,0.6872852233676982,5.82
SH.600064,南京高科,2023-01-16 00:00:00,5.9,5.94,5.98,5.86,5.026,0.00708,12256885,81353036.0,1.3651877133105812,5.86
SH.600064,南京高科,2023-01-17 00:00:00,5.95,5.99,6.0,5.93,5.064,0.00661,11437550,76309449.0,0.8417508417508388,5.94
SH.600064,南京高科,2023-01-18 00:00:00,6.0,6.02,6.05,5.99,5.087,0.00504,8725123,58669638.0,0.5008347245408908,5.99
SH.600064,南京高科,2023-01-19 00:00:00,6.02,6.07,6.07,5.98,5.124,0.00455,7870598,53046291.0,0.830564784053168,6.02
SH.600064,南京高科,2023-01-20 00:00:00,6.1,6.16,6.18,6.06,5.193,0.00563,9741830,66458212.0,1.4827018121911013,6.07
SH.600064,南京高科,2023-01-30 00:00:00,6.25,6.18,6.29,6.15,5.208,0.00971,16796811,116098423.0,0.32467532467531773,6.16
SH.600064,南京高科,2023-01-31 00:00:00,6.18,6.17,6.2,6.11,5.2,0.00617,10677862,73215219.0,-0.16181229773462438,6.18
SH.600064,南京高科,2023-02-01 00:00:00,6.19,6.2,6.22,6.14,5.223,0.00766,13257484,91208461.0,0.4862236628849311,6.17
SH.600064,南京高科,2023-02-02 00:00:00,6.36,6.26,6.39,6.24,5.268,0.01329,22998384,161049998.0,0.9677419354838646,6.2
SH.600064,南京高科,2023-02-03 00:00:00,6.24,6.15,6.24,6.1,5.185,0.00751,12996008,89165830.0,-1.7571884984025468,6.26
SH.600064,南京高科,2023-02-06 00:00:00,6.13,6.09,6.16,6.08,5.14,0.00636,11012398,75035965.0,-0.975609756097569,6.15
SH.600064,南京高科,2023-02-07 00:00:00,6.08,6.09,6.13,6.06,5.14,0.00784,13558078,92131079.0,0.0,6.09
SH.600064,南京高科,2023-02-08 00:00:00,6.09,6.05,6.12,6.04,5.109,0.0072,12455127,84435135.0,-0.6568144499178987,6.09
SH.600064,南京高科,2023-02-09 00:00:00,6.04,6.08,6.1,6.03,5.132,0.00565,9769245,66139170.0,0.49586776859504544,6.05
SH.600064,南京高科,2023-02-10 00:00:00,6.08,6.09,6.12,6.06,5.14,0.00599,10366080,70382415.0,0.1644736842105228,6.08
SH.600064,南京高科,2023-02-13 00:00:00,6.1,6.11,6.12,6.05,5.155,0.00912,15785963,107351445.0,0.3284072249589567,6.09
SH.600064,南京高科,2023-02-14 00:00:00,6.11,6.11,6.15,6.1,5.155,0.00824,14255221,97250839.0,0.0,6.11
SH.600064,南京高科,2023-02-15 00:00:00,6.12,6.06,6.12,6.04,5.117,0.00702,12152345,82252246.0,-0.8183306055646596,6.11
SH.600064,南京高科,2023-02-16 00:00:00,6.05,5.96,6.11,5.92,5.041,0.00822,14223680,95942601.0,-1.6501650165016444,6.06
SH.600064,南京高科,2023-02-17 00:00:00,5.95,5.95,6.01,5.93,5.034,0.0049,8473860,56473200.0,-0.1677852348993253,5.96
SH.600064,南京高科,2023-02-20 00:00:00,5.99,6.1,6.11,5.96,5.147,0.0098,16963241,114477233.0,2.5210084033613356,5.95
SH.600064,南京高科,2023-02-21 00:00:00,6.18,6.16,6.22,6.12,5.193,0.00955,16532406,113566313.0,0.9836065573770574,6.1
SH.600064,南京高科,2023-02-22 00:00:00,6.12,6.2,6.21,6.11,5.223,0.00682,11799821,81144985.0,0.6493506493506499,6.16
SH.600064,南京高科,2023-02-23 00:00:00,6.21,6.18,6.24,6.16,5.208,0.0068,11762901,81189697.0,-0.3225806451612978,6.2
SH.600064,南京高科,2023-02-24 00:00:00,6.19,6.16,6.2,6.12,5.193,0.00506,8759433,60067974.0,-0.32362459546924877,6.18
SH.600064,南京高科,2023-02-27 00:00:00,6.16,6.15,6.18,6.1,5.185,0.00591,10233236,70047094.0,-0.16233766233765887,6.16
SH.600064,南京高科,2023-02-28 00:00:00,6.16,6.18,6.19,6.12,5.208,0.00438,7576064,51953562.0,0.4878048780487701,6.15
SH.600064,南京高科,2023-03-01 00:00:00,6.2,6.19,6.22,6.16,5.215,0.01017,17598524,121269242.0,0.16181229773463876,6.18
SH.600064,南京高科,2023-03-02 00:00:00,6.18,6.2,6.23,6.16,5.223,0.007,12111752,83528849.0,0.16155088852988345,6.19
SH.600064,南京高科,2023-03-03 00:00:00,6.2,6.24,6.25,6.18,5.253,0.00757,13098717,90633829.0,0.6451612903225812,6.2
SH.600064,南京高科,2023-03-06 00:00:00,6.26,6.24,6.29,6.23,5.253,0.00788,13640264,94896123.0,0.0,6.24
SH.600064,南京高科,2023-03-07 00:00:00,6.24,6.16,6.27,6.15,5.193,0.00868,15014153,103964938.0,-1.2820512820512833,6.24
SH.600064,南京高科,2023-03-08 00:00:00,6.15,6.2,6.2,6.11,5.223,0.00566,9802096,67411957.0,0.6493506493506499,6.16
SH.600064,南京高科,2023-03-09 00:00:00,6.22,6.2,6.22,6.14,5.223,0.00471,8149932,56090355.0,0.0,6.2
SH.600064,南京高科,2023-03-10 00:00:00,6.18,6.11,6.18,6.1,5.155,0.00485,8386549,57265353.0,-1.451612903225804,6.2
SH.600064,南京高科,2023-03-13 00:00:00,6.09,6.1,6.12,6.03,5.147,0.0064,11065610,75028177.0,-0.16366612111294065,6.11
SH.600064,南京高科,2023-03-14 00:00:00,6.1,6.01,6.11,5.99,5.079,0.00499,8637780,58285165.0,-1.4754098360655716,6.1
SH.600064,南京高科,2023-03-15 00:00:00,6.04,6.1,6.12,6.03,5.147,0.0052,8994674,61071935.0,1.4975041597337746,6.01
SH.600064,南京高科,2023-03-16 00:00:00,6.07,6.17,6.3,6.05,5.2,0.01084,18759290,129297622.0,1.1475409836065622,6.1
SH.600064,南京高科,2023-03-17 00:00:00,6.22,6.29,6.38,6.2,5.291,0.0138,23884486,167409104.0,1.94489465153971,6.17
SH.600064,南京高科,2023-03-20 00:00:00,6.29,6.27,6.35,6.25,5.276,0.00948,16407643,114864191.0,-0.3179650238473841,6.29
SH.600064,南京高科,2023-03-21 00:00:00,6.3,6.24,6.33,6.22,5.253,0.00655,11328990,78781937.0,-0.47846889952152094,6.27
SH.600064,南京高科,2023-03-22 00:00:00,6.25,6.3,6.35,6.23,5.299,0.00731,12649545,88449309.0,0.9615384615384551,6.24
SH.600064,南京高科,2023-03-23 00:00:00,6.3,6.25,6.31,6.22,5.261,0.00602,10421005,72443473.0,-0.7936507936507908,6.3
SH.600064,南京高科,2023-03-24 00:00:00,6.29,6.35,6.37,6.24,5.336,0.01194,20664749,144854215.0,1.5999999999999945,6.25
SH.600064,南京高科,2023-03-27 00:00:00,6.32,6.22,6.34,6.21,5.238,0.0101,17468676,121430075.0,-2.0472440944881876,6.35
SH.600064,南京高科,2023-03-28 00:00:00,6.23,6.12,6.25,6.1,5.162,0.00925,16008853,109567984.0,-1.6077170418006375,6.22
SH.600064,南京高科,2023-03-29 00:00:00,6.12,6.01,6.14,6.0,5.079,0.0082,14181152,95684172.0,-1.7973856209150378,6.12
SH.600064,南京高科,2023-03-30 00:00:00,6.0,5.91,6.05,5.82,5.003,0.0121,20941161,138210983.0,-1.663893510815302,6.01
SH.600064,南京高科,2023-03-31 00:00:00,5.91,5.93,5.97,5.9,5.018,0.0062,10732262,71162338.0,0.3384094754653058,5.91
SH.600064,南京高科,2023-04-03 00:00:00,5.91,5.94,6.0,5.91,5.026,0.00945,16358214,108798199.0,0.16863406408095574,5.93
SH.600064,南京高科,2023-04-04 00:00:00,5.94,5.92,5.95,5.9,5.011,0.00659,11404974,75558452.0,-0.33670033670034444,5.94
SH.600064,南京高科,2023-04-06 00:00:00,5.92,5.94,5.97,5.88,5.026,0.00561,9706266,64316649.0,0.33783783783784566,5.92
SH.600064,南京高科,2023-04-07 00:00:00,5.94,6.01,6.03,5.94,5.079,0.0064,11076021,74257602.0,1.1784511784511682,5.94
SH.600064,南京高科,2023-04-10 00:00:00,6.01,6.1,6.24,6.01,5.147,0.01114,19284092,131774366.0,1.4975041597337746,6.01
SH.600064,南京高科,2023-04-11 00:00:00,6.09,6.1,6.12,6.02,5.147,0.00676,11692333,79164792.0,0.0,6.1
SH.600064,南京高科,2023-04-12 00:00:00,6.12,6.1,6.14,6.08,5.147,0.00513,8880130,60429317.0,0.0,6.1
SH.600064,南京高科,2023-04-13 00:00:00,6.1,6.14,6.19,6.08,5.177,0.00796,13773302,94328982.0,0.6557377049180334,6.1
SH.600064,南京高科,2023-04-14 00:00:00,6.16,6.15,6.21,6.14,5.185,0.00626,10828615,74366306.0,0.16286644951141166,6.14
SH.600064,南京高科,2023-04-17 00:00:00,6.15,6.17,6.2,6.13,5.2,0.00932,16119464,110759838.0,0.3252032520325134,6.15
SH.600064,南京高科,2023-04-18 00:00:00,6.18,6.19,6.25,6.17,5.215,0.00692,11966177,82700354.0,0.3241491085899589,6.17
SH.600064,南京高科,2023-04-19 00:00:00,6.21,6.17,6.23,6.16,5.2,0.00624,10795595,74376156.0,-0.32310177705978127,6.19
SH.600064,南京高科,2023-04-20 00:00:00,6.16,6.17,6.19,6.12,5.2,0.00624,10793416,73940884.0,0.0,6.17
SH.600064,南京高科,2023-04-21 00:00:00,6.19,6.08,6.23,6.06,5.132,0.00669,11584390,79383582.0,-1.458670988654779,6.17
SH.600064,南京高科,2023-04-24 00:00:00,6.06,6.0,6.09,5.98,5.071,0.00798,13803696,92810683.0,-1.3157894736842117,6.08
SH.600064,南京高科,2023-04-25 00:00:00,6.07,5.95,6.08,5.87,5.034,0.00673,11643802,77470936.0,-0.8333333333333304,6.0
SH.600064,南京高科,2023-04-26 00:00:00,5.93,5.95,5.98,5.89,5.034,0.0061,10558660,70102124.0,0.0,5.95
SH.600064,南京高科,2023-04-27 00:00:00,5.95,6.07,6.08,5.94,5.124,0.00705,12200628,81980243.0,2.0168067226890773,5.95
SH.600064,南京高科,2023-04-28 00:00:00,6.05,6.07,6.13,6.05,5.124,0.00969,16770034,113700526.0,0.0,6.07
SH.600064,南京高科,2023-05-04 00:00:00,6.12,6.25,6.32,6.09,5.061,0.01882,32571171,225778010.0,2.9654036243822026,6.07
SH.600064,南京高科,2023-05-05 00:00:00,6.24,6.35,6.36,6.22,5.134,0.01531,26491002,185960377.0,1.5999999999999945,6.25
SH.600064,南京高科,2023-05-08 00:00:00,6.35,6.48,6.49,6.3,5.229,0.02319,40122337,286312532.0,2.0472440944882013,6.35
SH.600064,南京高科,2023-05-09 00:00:00,6.48,6.55,6.7,6.47,5.28,0.02398,41499121,302499563.0,1.0802469135802375,6.48
SH.600064,南京高科,2023-05-10 00:00:00,6.58,6.52,6.62,6.47,5.258,0.01371,23718070,171404326.0,-0.45801526717557633,6.55
SH.600064,南京高科,2023-05-11 00:00:00,6.54,6.58,6.68,6.52,5.302,0.01103,19082122,139377354.0,0.9202453987730138,6.52
SH.600064,南京高科,2023-05-12 00:00:00,6.62,6.54,6.67,6.53,5.273,0.00838,14492040,105685000.0,-0.6079027355623106,6.58
SH.600064,南京高科,2023-05-15 00:00:00,6.53,6.52,6.56,6.36,5.258,0.01115,19295020,137957987.0,-0.3058103975535239,6.54
SH.600064,南京高科,2023-05-16 00:00:00,6.53,6.42,6.53,6.39,5.185,0.00652,11278219,80584892.0,-1.5337423312883383,6.52
SH.600064,南京高科,2023-05-17 00:00:00,6.42,6.4,6.47,6.32,5.171,0.00515,8917122,63337590.0,-0.3115264797507722,6.42
SH.600064,南京高科,2023-05-18 00:00:00,6.45,6.41,6.47,6.36,5.178,0.00642,11115710,79025785.0,0.15624999999999667,6.4
SH.600064,南京高科,2023-05-19 00:00:00,6.4,6.25,6.41,6.24,5.061,0.00814,14092945,98427548.0,-2.496099843993762,6.41
SH.600064,南京高科,2023-05-22 00:00:00,6.22,6.14,6.25,6.12,4.981,0.00884,15303960,105049817.0,-1.760000000000005,6.25
SH.600064,南京高科,2023-05-23 00:00:00,6.17,6.04,6.17,6.04,4.908,0.00984,17028120,115606653.0,-1.6286644951140006,6.14
SH.600064,南京高科,2023-05-24 00:00:00,6.03,5.89,6.03,5.88,4.799,0.016,27693864,183554318.0,-2.4834437086092773,6.04
SH.600064,南京高科,2023-05-25 00:00:00,5.9,5.93,5.93,5.84,4.828,0.01126,19491658,128286098.0,0.6791171477079803,5.89
SH.600064,南京高科,2023-05-26 00:00:00,5.91,5.95,5.98,5.86,4.843,0.00803,13895084,91966265.0,0.3372681281618965,5.93
SH.600064,南京高科,2023-05-29 00:00:00,5.94,5.95,5.98,5.9,4.843,0.00755,13069891,86652242.0,0.0,5.95
SH.600064,南京高科,2023-05-30 00:00:00,5.92,5.92,5.92,5.82,4.821,0.00824,14250049,93611108.0,-0.5042016806722731,5.95
SH.600064,南京高科,2023-05-31 00:00:00,5.89,5.87,5.93,5.84,4.785,0.006,10378813,68274721.0,-0.8445945945945915,5.92
SH.600064,南京高科,2023-06-01 00:00:00,5.87,5.82,5.87,5.79,4.748,0.00909,15723784,102627308.0,-0.8517887563884127,5.87
SH.600064,南京高科,2023-06-02 00:00:00,5.83,5.97,5.99,5.81,4.857,0.01387,24001505,158698925.0,2.577319587628857,5.82
SH.600064,南京高科,2023-06-05 00:00:00,5.93,6.01,6.03,5.92,4.887,0.00858,14843608,99010931.0,0.6700167504187611,5.97
SH.600064,南京高科,2023-06-06 00:00:00,5.99,5.94,6.06,5.93,4.836,0.00832,14394181,96475083.0,-1.1647254575707053,6.01
SH.600064,南京高科,2023-06-07 00:00:00,5.96,6.03,6.08,5.96,4.901,0.00728,12603280,84868523.0,1.5151515151515127,5.94
SH.600064,南京高科,2023-06-08 00:00:00,6.04,6.15,6.16,6.0,4.989,0.01348,23331358,158419236.0,1.9900497512437827,6.03
SH.600064,南京高科,2023-06-09 00:00:00,6.12,6.16,6.25,6.11,4.996,0.01908,33017229,227404854.0,0.1626016260162567,6.15
SH.600064,南京高科,2023-06-12 00:00:00,6.15,6.09,6.2,6.07,4.945,0.01127,19508588,132926175.0,-1.136363636363641,6.16
SH.600064,南京高科,2023-06-13 00:00:00,6.2,6.13,6.2,6.1,4.974,0.00749,12968396,88740035.0,0.6568144499178987,6.09
SH.600064,南京高科,2023-06-14 00:00:00,6.12,6.05,6.18,6.04,4.916,0.00607,10507783,71395016.0,-1.305057096247962,6.13
SH.600064,南京高科,2023-06-15 00:00:00,6.08,6.07,6.12,6.02,4.93,0.00651,11271003,76216740.0,0.33057851239670183,6.05
SH.600064,南京高科,2023-06-16 00:00:00,6.07,6.05,6.1,6.04,4.916,0.00662,11457384,77538259.0,-0.32948929159803064,6.07
SH.600064,南京高科,2023-06-19 00:00:00,6.06,5.91,6.07,5.91,4.814,0.0092,15920648,105908825.0,-2.314049586776854,6.05
SH.600064,南京高科,2023-06-20 00:00:00,5.92,5.85,5.93,5.85,4.77,0.00697,12055334,79251298.0,-1.0152284263959475,5.91
SH.600064,南京高科,2023-06-21 00:00:00,5.85,5.83,5.9,5.83,4.756,0.00706,12213283,80092147.0,-0.3418803418803346,5.85
SH.600064,南京高科,2023-06-26 00:00:00,5.82,5.75,5.82,5.72,4.697,0.00764,13221620,85314730.0,-1.3722126929674112,5.83
SH.600064,南京高科,2023-06-27 00:00:00,5.76,5.84,5.87,5.75,4.763,0.00667,11546408,75207607.0,1.5652173913043455,5.75
SH.600064,南京高科,2023-06-28 00:00:00,5.83,5.85,5.86,5.8,4.77,0.0058,10043392,65547220.0,0.17123287671232512,5.84
SH.600064,南京高科,2023-06-29 00:00:00,5.85,5.83,5.86,5.81,4.756,0.00475,8214212,53630175.0,-0.3418803418803346,5.85
SH.600064,南京高科,2023-06-30 00:00:00,5.83,5.91,5.93,5.82,4.814,0.00616,10666445,70359373.0,1.3722126929674112,5.83
SH.600064,南京高科,2023-07-03 00:00:00,5.89,5.94,5.97,5.89,4.836,0.00647,11192036,74348171.0,0.5076142131979737,5.91
SH.600064,南京高科,2023-07-04 00:00:00,5.93,5.91,5.95,5.88,4.814,0.00496,8589077,56777950.0,-0.5050505050505092,5.94
SH.600064,南京高科,2023-07-05 00:00:00,5.9,5.9,5.95,5.88,4.806,0.00364,6293121,41618921.0,-0.1692047377326529,5.91
SH.600064,南京高科,2023-07-06 00:00:00,5.9,5.9,5.92,5.86,4.806,0.00535,9257786,61048444.0,0.0,5.9
SH.600064,南京高科,2023-07-07 00:00:00,5.9,5.93,5.96,5.88,4.828,0.00451,7809007,51770834.0,0.5084745762711755,5.9
SH.600064,南京高科,2023-07-10 00:00:00,5.93,5.91,5.95,5.9,4.814,0.00343,5937816,39329044.0,-0.3372681281618815,5.93
SH.600064,南京高科,2023-07-11 00:00:00,5.95,5.95,6.02,5.93,4.843,0.00495,8572841,57049423.0,0.6768189509306266,5.91
SH.600064,南京高科,2023-07-12 00:00:00,5.93,5.9,5.95,5.9,4.806,0.00456,7891024,52264565.0,-0.8403361344537785,5.95
SH.600064,南京高科,2023-07-13 00:00:00,5.9,5.96,5.97,5.9,4.85,0.00468,8093388,53799002.0,1.0169491525423662,5.9
SH.600064,南京高科,2023-07-14 00:00:00,5.97,5.97,6.01,5.96,4.857,0.00568,9825655,65623907.0,0.1677852348993253,5.96
SH.600064,南京高科,2023-07-17 00:00:00,5.98,5.96,5.99,5.94,4.85,0.00488,8451576,56304722.0,-0.16750418760468655,5.97
SH.600064,南京高科,2023-07-18 00:00:00,5.98,5.99,6.01,5.95,4.872,0.00665,11514752,76935872.0,0.5033557046979908,5.96
SH.600064,南京高科,2023-07-19 00:00:00,6.0,5.99,6.01,5.96,4.872,0.00944,16329540,109181530.0,0.0,5.99
SH.600064,南京高科,2023-07-20 00:00:00,6.02,6.02,6.08,6.0,4.588,0.00969,16773650,105912165.0,0.5008347245408908,5.99
SH.600064,南京高科,2023-07-21 00:00:00,6.02,6.13,6.14,6.0,4.668,0.00862,14923152,95230693.0,1.8272425249169488,6.02
SH.600064,南京高科,2023-07-24 00:00:00,6.19,6.19,6.22,6.11,4.712,0.00944,16335590,105442009.0,0.9787928221859787,6.13
SH.600064,南京高科,2023-07-25 00:00:00,6.24,6.36,6.37,6.22,4.836,0.01427,24699152,163022863.0,2.746365105008076,6.19
SH.600064,南京高科,2023-07-26 00:00:00,6.36,6.43,6.47,6.34,4.887,0.0147,25430856,170328823.0,1.1006289308176005,6.36
SH.600064,南京高科,2023-07-27 00:00:00,6.41,6.41,6.46,6.33,4.872,0.01177,20357540,136401107.0,-0.31104199066873367,6.43
SH.600064,南京高科,2023-07-28 00:00:00,6.4,6.56,6.56,6.39,4.981,0.01429,24720889,167284092.0,2.3400936037441413,6.41
SH.600064,南京高科,2023-07-31 00:00:00,6.6,6.69,6.76,6.59,5.076,0.01927,33348105,232870018.0,1.981707317073183,6.56
SH.600064,南京高科,2023-08-01 00:00:00,6.67,6.64,6.72,6.62,5.04,0.01453,25135745,174759940.0,-0.7473841554559149,6.69
SH.600064,南京高科,2023-08-02 00:00:00,6.63,6.69,6.79,6.63,5.076,0.01304,22571368,158033156.0,0.7530120481927818,6.64
SH.600064,南京高科,2023-08-03 00:00:00,6.67,6.75,6.76,6.63,5.12,0.01264,21875497,152629793.0,0.8968609865470792,6.69
SH.600064,南京高科,2023-08-04 00:00:00,6.82,6.76,6.88,6.74,5.127,0.01682,29096277,206336035.0,0.148148148148145,6.75
SH.600064,南京高科,2023-08-07 00:00:00,6.73,6.59,6.74,6.54,5.003,0.01441,24933398,171797843.0,-2.514792899408283,6.76
SH.600064,南京高科,2023-08-08 00:00:00,6.61,6.49,6.65,6.48,4.93,0.00901,15592896,106191935.0,-1.517450682852802,6.59
SH.600064,南京高科,2023-08-09 00:00:00,6.49,6.47,6.53,6.45,4.916,0.00602,10414324,70411933.0,-0.30816640986133226,6.49
SH.600064,南京高科,2023-08-10 00:00:00,6.47,6.48,6.53,6.44,4.923,0.005,8659028,58536618.0,0.15455950540959315,6.47
SH.600064,南京高科,2023-08-11 00:00:00,6.5,6.43,6.56,6.42,4.887,0.00728,12597164,85060544.0,-0.7716049382716158,6.48
SH.600064,南京高科,2023-08-14 00:00:00,6.32,6.37,6.4,6.28,4.843,0.0088,15222524,100929902.0,-0.9331259720062148,6.43
SH.600064,南京高科,2023-08-15 00:00:00,6.37,6.37,6.41,6.3,4.843,0.00597,10335656,68592603.0,0.0,6.37
SH.600064,南京高科,2023-08-16 00:00:00,6.34,6.45,6.51,6.32,4.901,0.00811,14039488,94249643.0,1.2558869701726856,6.37
SH.600064,南京高科,2023-08-17 00:00:00,6.42,6.4,6.44,6.34,4.865,0.00665,11510996,76710832.0,-0.7751937984496096,6.45
SH.600064,南京高科,2023-08-18 00:00:00,6.4,6.3,6.45,6.3,4.792,0.00705,12194180,81058654.0,-1.5625000000000084,6.4
SH.600064,南京高科,2023-08-21 00:00:00,6.28,6.24,6.36,6.24,4.748,0.00653,11305690,74407955.0,-0.9523809523809462,6.3
SH.600064,南京高科,2023-08-22 00:00:00,6.26,6.25,6.3,6.21,4.756,0.00679,11744049,76695458.0,0.16025641025640683,6.24
SH.600064,南京高科,2023-08-23 00:00:00,6.23,6.21,6.28,6.21,4.726,0.00528,9132400,59609617.6,-0.6400000000000006,6.25
SH.600064,南京高科,2023-08-24 00:00:00,6.21,6.16,6.25,6.13,4.69,0.00683,11825125,76404184.0,-0.8051529790660197,6.21
SH.600064,南京高科,2023-08-25 00:00:00,6.16,6.21,6.28,6.16,4.726,0.00826,14300110,92991760.0,0.8116883116883088,6.16
SH.600064,南京高科,2023-08-28 00:00:00,6.71,6.46,6.71,6.44,4.908,0.01933,33451438,229042883.0,4.025764895330113,6.21
SH.600064,南京高科,2023-08-29 00:00:00,6.43,6.56,6.57,6.41,4.981,0.01182,20457608,138689016.0,1.5479876160990658,6.46
SH.600064,南京高科,2023-08-30 00:00:00,6.55,6.54,6.59,6.48,4.967,0.00946,16371839,111365424.0,-0.3048780487804813,6.56
SH.600064,南京高科,2023-08-31 00:00:00,6.42,6.06,6.47,6.03,5.088,0.02928,50665505,327113701.0,-7.339449541284409,6.54
SH.600064,南京高科,2023-09-01 00:00:00,6.12,6.11,6.17,6.07,5.128,0.0151,26131357,167342884.0,0.8250825082508368,6.06
SH.600064,南京高科,2023-09-04 00:00:00,6.16,6.24,6.3,6.15,5.232,0.01564,27059723,176417498.0,2.1276595744680833,6.11
SH.600064,南京高科,2023-09-05 00:00:00,6.2,6.1,6.23,6.08,5.12,0.0118,20422824,130634933.0,-2.2435897435897525,6.24
SH.600064,南京高科,2023-09-06 00:00:00,6.08,6.18,6.22,6.06,5.184,0.0089,15395286,98914516.0,1.3114754098360668,6.1
SH.600064,南京高科,2023-09-07 00:00:00,6.16,6.14,6.25,6.12,5.152,0.00672,11630353,75248946.0,-0.647249190938512,6.18
SH.600064,南京高科,2023-09-08 00:00:00,6.1,6.17,6.18,6.09,5.176,0.00633,10951074,70206495.0,0.488599348534206,6.14
SH.600064,南京高科,2023-09-11 00:00:00,6.18,6.22,6.23,6.14,5.216,0.00657,11369800,73638942.0,0.8103727714748756,6.17
SH.600064,南京高科,2023-09-12 00:00:00,6.2,6.21,6.26,6.19,5.208,0.00546,9454200,61480988.0,-0.16077170418006087,6.22
SH.600064,南京高科,2023-09-13 00:00:00,6.21,6.21,6.25,6.17,5.208,0.00473,8189278,53095920.0,0.0,6.21
SH.600064,南京高科,2023-09-14 00:00:00,6.18,6.24,6.25,6.18,5.232,0.0057,9857356,64049953.0,0.4830917874396175,6.21
SH.600064,南京高科,2023-09-15 00:00:00,6.24,6.21,6.27,6.18,5.208,0.00566,9787211,63713634.0,-0.4807692307692347,6.24
SH.600064,南京高科,2023-09-18 00:00:00,6.21,6.15,6.22,6.13,5.16,0.00732,12663760,81528271.0,-0.9661835748792208,6.21
SH.600064,南京高科,2023-09-19 00:00:00,6.15,6.16,6.18,6.13,5.168,0.00438,7579659,48810848.0,0.1626016260162567,6.15
SH.600064,南京高科,2023-09-20 00:00:00,6.17,6.2,6.23,6.15,5.2,0.00639,11064600,71710855.0,0.6493506493506499,6.16
SH.600064,南京高科,2023-09-21 00:00:00,6.21,6.15,6.22,6.15,5.16,0.00499,8642353,55761258.0,-0.8064516129032229,6.2
SH.600064,南京高科,2023-09-22 00:00:00,6.15,6.2,6.2,6.12,5.2,0.00569,9845307,63422473.0,0.8130081300812979,6.15
SH.600064,南京高科,2023-09-25 00:00:00,6.18,6.14,6.19,6.13,5.152,0.00631,10912144,70208762.0,-0.967741935483879,6.2
SH.600064,南京高科,2023-09-26 00:00:00,6.13,6.09,6.15,6.08,5.112,0.00479,8287012,52931507.0,-0.8143322475570003,6.14
SH.600064,南京高科,2023-09-27 00:00:00,6.08,6.09,6.12,6.08,5.112,0.00455,7880616,50255625.0,0.0,6.09
SH.600064,南京高科,2023-09-28 00:00:00,6.08,6.09,6.13,6.08,5.112,0.00478,8269956,52754111.0,0.0,6.09
SH.600064,南京高科,2023-10-09 00:00:00,6.09,5.92,6.09,5.91,4.975,0.01203,20815566,129669540.0,-2.791461412151066,6.09
SH.600064,南京高科,2023-10-10 00:00:00,5.94,5.9,5.98,5.89,4.959,0.00546,9443900,58513127.0,-0.33783783783783067,5.92
SH.600064,南京高科,2023-10-11 00:00:00,5.92,5.87,5.92,5.86,4.935,0.00699,12098534,74659404.0,-0.5084745762711906,5.9
SH.600064,南京高科,2023-10-12 00:00:00,5.92,5.94,5.97,5.89,4.991,0.00636,11010104,68462712.0,1.1925042589437866,5.87
SH.600064,南京高科,2023-10-13 00:00:00,5.93,5.89,5.94,5.88,4.951,0.00343,5940900,36757026.0,-0.8417508417508537,5.94
SH.600064,南京高科,2023-10-16 00:00:00,5.9,5.89,5.92,5.86,4.951,0.00583,10086475,62213345.0,0.0,5.89
SH.600064,南京高科,2023-10-17 00:00:00,5.89,5.86,5.9,5.85,4.927,0.00467,8088480,49760217.0,-0.5093378607809739,5.89
SH.600064,南京高科,2023-10-18 00:00:00,5.87,5.78,5.88,5.78,4.863,0.00543,9388726,57195895.0,-1.3651877133105812,5.86
SH.600064,南京高科,2023-10-19 00:00:00,5.77,5.73,5.8,5.72,4.823,0.00605,10473337,63186996.0,-0.8650519031141838,5.78
SH.600064,南京高科,2023-10-20 00:00:00,5.71,5.76,5.8,5.7,4.847,0.00506,8749363,52797237.0,0.5235602094240727,5.73
SH.600064,南京高科,2023-10-23 00:00:00,5.75,5.64,5.75,5.61,4.751,0.00755,13057064,77506820.0,-2.0833333333333353,5.76
SH.600064,南京高科,2023-10-24 00:00:00,5.67,5.68,5.72,5.64,4.783,0.00578,9999668,59602933.0,0.7092198581560291,5.64
SH.600064,南京高科,2023-10-25 00:00:00,5.72,5.72,5.77,5.71,4.815,0.00461,7979600,48001657.0,0.7042253521126767,5.68
SH.600064,南京高科,2023-10-26 00:00:00,5.72,5.76,5.78,5.68,4.847,0.00449,7760768,46664615.0,0.6993006993007,5.72
SH.600064,南京高科,2023-10-27 00:00:00,5.76,5.82,5.84,5.75,4.895,0.00505,8741596,53196288.0,1.0416666666666752,5.76
SH.600064,南京高科,2023-10-30 00:00:00,5.81,5.79,5.86,5.78,4.871,0.00529,9146627,55661116.0,-0.5154639175257775,5.82
SH.600064,南京高科,2023-10-31 00:00:00,5.83,5.87,5.9,5.82,4.877,0.00878,15185251,93237103.0,1.381692573402419,5.79
SH.600064,南京高科,2023-11-01 00:00:00,5.86,5.88,5.9,5.84,4.885,0.00467,8075524,49678421.0,0.1703577512776795,5.87
SH.600064,南京高科,2023-11-02 00:00:00,5.9,5.85,5.9,5.83,4.861,0.00457,7901811,48524270.0,-0.5102040816326573,5.88
SH.600064,南京高科,2023-11-03 00:00:00,5.85,5.82,5.88,5.82,4.837,0.00598,10351033,63417257.0,-0.5128205128205019,5.85
SH.600064,南京高科,2023-11-06 00:00:00,5.84,5.88,5.89,5.82,4.885,0.00777,13445524,82554670.0,1.0309278350515396,5.82
SH.600064,南京高科,2023-11-07 00:00:00,5.88,5.86,5.89,5.83,4.869,0.00535,9256545,56801735.0,-0.3401360544217614,5.88
SH.600064,南京高科,2023-11-08 00:00:00,5.87,5.85,5.9,5.81,4.861,0.00568,9829850,60328466.0,-0.17064846416383403,5.86
SH.600064,南京高科,2023-11-09 00:00:00,5.87,5.83,5.87,5.82,4.845,0.00444,7691044,47062658.0,-0.3418803418803346,5.85
SH.600064,南京高科,2023-11-10 00:00:00,5.83,5.8,5.84,5.77,4.821,0.00461,7976068,48456677.0,-0.514579759862783,5.83
SH.600064,南京高科,2023-11-13 00:00:00,5.8,5.81,5.83,5.77,4.829,0.00313,5412545,32879595.0,0.1724137931034446,5.8
SH.600064,南京高科,2023-11-14 00:00:00,5.82,5.86,5.87,5.8,4.869,0.0046,7966405,48822406.0,0.8605851979346077,5.81
SH.600064,南京高科,2023-11-15 00:00:00,5.89,5.86,5.9,5.84,4.869,0.00412,7129518,43798226.0,0.0,5.86
SH.600064,南京高科,2023-11-16 00:00:00,5.86,5.83,5.86,5.83,4.845,0.00348,6028624,36931233.0,-0.5119453924914719,5.86
SH.600064,南京高科,2023-11-17 00:00:00,5.84,5.83,5.85,5.8,4.845,0.00287,4957564,30253800.0,0.0,5.83
SH.600064,南京高科,2023-11-20 00:00:00,5.85,5.86,5.88,5.82,4.869,0.00377,6522328,39957945.0,0.514579759862783,5.83
SH.600064,南京高科,2023-11-21 00:00:00,5.87,5.89,5.95,5.86,4.892,0.01057,18288366,113305325.0,0.5119453924914567,5.86
SH.600064,南京高科,2023-11-22 00:00:00,5.88,5.89,5.95,5.86,4.892,0.00734,12702968,78766112.0,0.0,5.89
SH.600064,南京高科,2023-11-23 00:00:00,5.89,5.97,5.98,5.86,4.956,0.00865,14963891,93082669.0,1.3582342954159605,5.89
SH.600064,南京高科,2023-11-24 00:00:00,5.98,6.0,6.02,5.95,4.98,0.00873,15103479,94797656.0,0.5025125628140745,5.97
SH.600064,南京高科,2023-11-27 00:00:00,5.98,5.9,5.99,5.88,4.9,0.00717,12413030,76847379.0,-1.6666666666666607,6.0
SH.600064,南京高科,2023-11-28 00:00:00,5.9,5.86,5.9,5.83,4.869,0.00603,10438460,64022289.0,-0.6779661016949159,5.9
SH.600064,南京高科,2023-11-29 00:00:00,5.84,5.81,5.87,5.78,4.829,0.00552,9555216,58209033.0,-0.8532423208191247,5.86
SH.600064,南京高科,2023-11-30 00:00:00,5.78,5.79,5.84,5.78,4.813,0.00462,7998907,48663614.0,-0.34423407917383086,5.81
SH.600064,南京高科,2023-12-01 00:00:00,5.79,5.83,5.86,5.78,4.845,0.00584,10097996,61755364.0,0.6908462867012095,5.79
SH.600064,南京高科,2023-12-04 00:00:00,5.83,5.87,5.88,5.82,4.877,0.00489,8465470,51915736.0,0.6861063464837056,5.83
SH.600064,南京高科,2023-12-05 00:00:00,5.88,5.81,5.88,5.8,4.829,0.00376,6500820,39782837.0,-1.0221465076661072,5.87
SH.600064,南京高科,2023-12-06 00:00:00,5.79,5.84,5.86,5.79,4.853,0.00436,7541112,46098015.0,0.5163511187607616,5.81
SH.600064,南京高科,2023-12-07 00:00:00,5.84,5.86,5.87,5.79,4.869,0.00666,11532696,70646307.0,0.34246575342466545,5.84
SH.600064,南京高科,2023-12-08 00:00:00,5.84,5.79,5.86,5.79,4.813,0.01012,17503518,106609259.0,-1.1945392491467623,5.86
SH.600064,南京高科,2023-12-11 00:00:00,5.78,5.79,5.8,5.69,4.813,0.00819,14168068,85219926.0,0.0,5.79
SH.600064,南京高科,2023-12-12 00:00:00,5.79,5.96,5.98,5.77,4.948,0.01325,22926893,141359309.0,2.936096718480137,5.79
SH.600064,南京高科,2023-12-13 00:00:00,5.94,6.02,6.11,5.92,4.996,0.0219,37887990,239577457.0,1.0067114093959666,5.96
SH.600064,南京高科,2023-12-14 00:00:00,5.97,5.93,6.05,5.93,4.924,0.01129,19528936,122135062.0,-1.4950166112956789,6.02
SH.600064,南京高科,2023-12-15 00:00:00,5.97,5.93,6.02,5.93,4.924,0.00856,14808852,92637295.0,0.0,5.93
SH.600064,南京高科,2023-12-18 00:00:00,5.92,5.83,5.98,5.82,4.845,0.00895,15490920,95633622.0,-1.6863406408094375,5.93
SH.600064,南京高科,2023-12-19 00:00:00,5.83,5.8,5.85,5.77,4.821,0.00684,11829620,71887120.0,-0.514579759862783,5.83
SH.600064,南京高科,2023-12-20 00:00:00,5.8,5.73,5.82,5.72,4.766,0.00546,9442381,57054054.0,-1.2068965517241275,5.8
SH.600064,南京高科,2023-12-21 00:00:00,5.71,5.74,5.75,5.67,4.773,0.0061,10547624,63196559.0,0.1745200698080242,5.73
SH.600064,南京高科,2023-12-22 00:00:00,5.74,5.71,5.76,5.68,4.75,0.00546,9448348,56597207.0,-0.5226480836236976,5.74
SH.600064,南京高科,2023-12-25 00:00:00,5.71,5.69,5.71,5.65,4.734,0.004,6923090,41239612.0,-0.35026269702275964,5.71
SH.600064,南京高科,2023-12-26 00:00:00,5.67,5.66,5.71,5.65,4.71,0.00406,7027836,41834095.0,-0.5272407732864718,5.69
SH.600064,南京高科,2023-12-27 00:00:00,5.65,5.69,5.7,5.63,4.734,0.00316,5468012,32510717.0,0.5300353356890503,5.66
SH.600064,南京高科,2023-12-28 00:00:00,5.69,5.76,5.78,5.67,4.789,0.00705,12191929,73460426.0,1.2302284710017468,5.69
SH.600064,南京高科,2023-12-29 00:00:00,5.76,5.76,5.78,5.74,4.789,0.00454,7863808,47515344.0,0.0,5.76
SH.600064,南京高科,2024-01-02 00:00:00,5.75,5.76,5.78,5.73,4.789,0.00517,8949577,54042015.0,0.0,5.76
SH.600064,南京高科,2024-01-03 00:00:00,5.74,5.79,5.8,5.74,4.813,0.00524,9061149,54919821.0,0.5208333333333376,5.76
SH.600064,南京高科,2024-01-04 00:00:00,5.78,5.78,5.8,5.75,4.805,0.00344,5960628,36067906.0,-0.17271157167529858,5.79
SH.600064,南京高科,2024-01-05 00:00:00,5.77,5.8,5.89,5.76,4.821,0.00991,17151071,104895495.0,0.34602076124566733,5.78
SH.600064,南京高科,2024-01-08 00:00:00,5.79,5.73,5.83,5.73,4.766,0.00685,11854216,71667320.0,-1.2068965517241275,5.8
SH.600064,南京高科,2024-01-09 00:00:00,5.73,5.74,5.77,5.71,4.773,0.00424,7329139,44083656.0,0.1745200698080242,5.73
SH.600064,南京高科,2024-01-10 00:00:00,5.74,5.7,5.75,5.69,4.742,0.00408,7057140,42303278.0,-0.6968641114982584,5.74
SH.600064,南京高科,2024-01-11 00:00:00,5.68,5.73,5.76,5.68,4.766,0.00386,6684894,40098867.0,0.5263157894736885,5.7
SH.600064,南京高科,2024-01-12 00:00:00,5.73,5.74,5.79,5.72,4.773,0.00438,7574720,45708680.0,0.1745200698080242,5.73
SH.600064,南京高科,2024-01-15 00:00:00,5.73,5.76,5.79,5.7,4.789,0.00408,7064192,42564505.0,0.34843205574912145,5.74
SH.600064,南京高科,2024-01-16 00:00:00,5.75,5.78,5.78,5.71,4.805,0.00501,8663100,52278887.0,0.34722222222223026,5.76
SH.600064,南京高科,2024-01-17 00:00:00,5.78,5.71,5.79,5.71,4.75,0.00412,7120480,42947958.0,-1.2110726643598664,5.78
SH.600064,南京高科,2024-01-18 00:00:00,5.69,5.68,5.71,5.55,4.726,0.00931,16113009,95165549.0,-0.5253940455341549,5.71
SH.600064,南京高科,2024-01-19 00:00:00,5.67,5.67,5.71,5.64,4.718,0.0047,8135332,48459395.0,-0.17605633802816525,5.68
SH.600064,南京高科,2024-01-22 00:00:00,5.67,5.5,5.67,5.46,4.583,0.00707,12234332,71648460.0,-2.9982363315696636,5.67
SH.600064,南京高科,2024-01-23 00:00:00,5.5,5.53,5.56,5.43,4.607,0.00557,9646492,55718879.0,0.54545454545455,5.5
SH.600064,南京高科,2024-01-24 00:00:00,5.59,5.73,5.74,5.56,4.766,0.00969,16767544,99482687.0,3.616636528028936,5.53
SH.600064,南京高科,2024-01-25 00:00:00,5.76,5.88,5.88,5.72,4.885,0.01233,21330625,130312294.0,2.6178010471204094,5.73
SH.600064,南京高科,2024-01-26 00:00:00,5.88,5.99,6.03,5.87,4.972,0.01397,24177338,151334530.0,1.8707482993197335,5.88
SH.600064,南京高科,2024-01-29 00:00:00,6.03,5.95,6.09,5.95,4.94,0.01303,22539431,141679642.0,-0.6677796327212026,5.99
SH.600064,南京高科,2024-01-30 00:00:00,5.9,5.84,5.98,5.82,4.853,0.00846,14639368,90620945.0,-1.8487394957983245,5.95
SH.600064,南京高科,2024-01-31 00:00:00,5.81,5.78,5.86,5.7,4.805,0.01053,18222420,110710358.0,-1.027397260273966,5.84
SH.600064,南京高科,2024-02-01 00:00:00,5.77,5.69,5.82,5.67,4.734,0.00945,16352022,98269675.0,-1.5570934256055338,5.78
SH.600064,南京高科,2024-02-02 00:00:00,5.7,5.65,5.8,5.52,4.702,0.01241,21477732,128054737.0,-0.7029876977152906,5.69
SH.600064,南京高科,2024-02-05 00:00:00,5.59,5.56,5.71,5.43,4.631,0.01505,26042272,151786552.0,-1.592920353982314,5.65
SH.600064,南京高科,2024-02-06 00:00:00,5.47,5.78,5.84,5.47,4.805,0.01351,23375973,139551956.0,3.956834532374112,5.56
SH.600064,南京高科,2024-02-07 00:00:00,5.77,5.97,5.97,5.74,4.956,0.01656,28651171,177272252.0,3.2871972318339013,5.78
SH.600064,南京高科,2024-02-08 00:00:00,5.96,6.06,6.16,5.96,5.027,0.01804,31210836,198608271.0,1.5075376884422087,5.97
SH.600064,南京高科,2024-02-19 00:00:00,6.08,6.04,6.11,5.99,5.011,0.01352,23387569,147816503.0,-0.33003300330032304,6.06
SH.600064,南京高科,2024-02-20 00:00:00,6.03,6.04,6.07,6.0,5.011,0.0085,14699833,92902670.0,0.0,6.04
SH.600064,南京高科,2024-02-21 00:00:00,6.03,6.09,6.18,6.02,5.051,0.01283,22202898,141970186.0,0.827814569536421,6.04
SH.600064,南京高科,2024-02-22 00:00:00,6.07,6.09,6.1,6.03,5.051,0.00846,14632091,92857377.0,0.0,6.09
SH.600064,南京高科,2024-02-23 00:00:00,6.1,6.07,6.1,6.03,5.035,0.00748,12948188,82162882.0,-0.3284072249589421,6.09
SH.600064,南京高科,2024-02-26 00:00:00,6.07,5.99,6.09,5.98,4.972,0.0104,18000740,113533155.0,-1.3179571663920933,6.07
SH.600064,南京高科,2024-02-27 00:00:00,5.98,6.02,6.02,5.95,4.996,0.00774,13389983,83923360.0,0.5008347245408908,5.99
SH.600064,南京高科,2024-02-28 00:00:00,6.03,5.92,6.05,5.92,4.916,0.0104,17995251,113112599.0,-1.6611295681063065,6.02
SH.600064,南京高科,2024-02-29 00:00:00,5.91,6.0,6.01,5.91,4.98,0.00767,13278767,82913029.0,1.3513513513513526,5.92
SH.600064,南京高科,2024-03-01 00:00:00,6.0,5.98,6.02,5.96,4.964,0.0061,10560718,66153014.0,-0.33333333333332626,6.0
SH.600064,南京高科,2024-03-04 00:00:00,5.98,5.97,5.99,5.94,4.956,0.00647,11198360,69921403.0,-0.1672240802675698,5.98
SH.600064,南京高科,2024-03-05 00:00:00,5.94,6.01,6.03,5.93,4.988,0.00739,12787539,79950161.0,0.6700167504187611,5.97
SH.600064,南京高科,2024-03-06 00:00:00,6.0,5.99,6.05,5.97,4.972,0.00641,11098832,69782355.0,-0.3327787021630545,6.01
SH.600064,南京高科,2024-03-07 00:00:00,6.0,5.98,6.03,5.97,4.964,0.00542,9376870,58864375.0,-0.16694490818029692,5.99
SH.600064,南京高科,2024-03-08 00:00:00,5.99,6.0,6.01,5.94,4.98,0.00454,7863588,49175146.0,0.3344481605351099,5.98
SH.600064,南京高科,2024-03-11 00:00:00,6.01,6.03,6.03,5.98,5.003,0.00662,11463298,72157631.0,0.5000000000000042,6.0
SH.600064,南京高科,2024-03-12 00:00:00,6.03,6.08,6.12,5.98,5.043,0.01031,17840496,112874043.0,0.8291873963515726,6.03
SH.600064,南京高科,2024-03-13 00:00:00,6.04,6.0,6.07,5.99,4.98,0.00584,10107864,63686725.0,-1.3157894736842117,6.08
SH.600064,南京高科,2024-03-14 00:00:00,6.0,6.0,6.04,5.98,4.98,0.00578,9993860,62846205.0,0.0,6.0
SH.600064,南京高科,2024-03-15 00:00:00,6.01,6.01,6.03,5.98,4.988,0.005,8655743,54375841.0,0.16666666666666313,6.0
SH.600064,南京高科,2024-03-18 00:00:00,6.01,6.02,6.02,5.97,4.996,0.00681,11788148,73950052.0,0.16638935108152725,6.01
SH.600064,南京高科,2024-03-19 00:00:00,6.0,5.96,6.01,5.96,4.948,0.00509,8800390,55099703.0,-0.9966777408637809,6.02
SH.600064,南京高科,2024-03-20 00:00:00,5.95,5.97,5.97,5.94,4.956,0.00389,6731416,41981995.0,0.1677852348993253,5.96
SH.600064,南京高科,2024-03-21 00:00:00,5.97,5.97,6.01,5.95,4.956,0.00446,7719842,48340724.0,0.0,5.97
SH.600064,南京高科,2024-03-22 00:00:00,5.97,5.94,5.98,5.91,4.932,0.00602,10421796,64797747.0,-0.5025125628140596,5.97
SH.600064,南京高科,2024-03-25 00:00:00,5.95,5.97,6.06,5.92,4.956,0.0099,17124331,107526930.0,0.5050505050504942,5.94
SH.600064,南京高科,2024-03-26 00:00:00,5.97,6.01,6.02,5.96,4.988,0.0067,11587882,72690940.0,0.6700167504187611,5.97
SH.600064,南京高科,2024-03-27 00:00:00,6.01,5.95,6.03,5.95,4.94,0.00578,9992737,62684519.0,-0.9983361064891783,6.01
SH.600064,南京高科,2024-03-28 00:00:00,5.95,5.93,5.98,5.92,4.924,0.00622,10764388,67018781.0,-0.33613445378152035,5.95
SH.600064,南京高科,2024-03-29 00:00:00,5.92,5.97,5.97,5.92,4.956,0.00429,7419004,46198172.0,0.674536256323778,5.93
SH.600064,南京高科,2024-04-01 00:00:00,5.96,6.03,6.03,5.95,5.003,0.00695,12020046,75547528.0,1.005025125628149,5.97
SH.600064,南京高科,2024-04-02 00:00:00,6.01,6.03,6.04,5.99,5.003,0.00556,9619343,60548543.0,0.0,6.03
SH.600064,南京高科,2024-04-03 00:00:00,6.03,6.06,6.06,6.0,5.027,0.00749,12951974,81762757.0,0.4975124378109347,6.03
SH.600064,南京高科,2024-04-08 00:00:00,6.06,6.05,6.12,6.05,5.019,0.00918,15877112,101123673.0,-0.16501650165016152,6.06
SH.600064,南京高科,2024-04-09 00:00:00,6.04,6.13,6.13,6.04,5.083,0.00767,13272460,84624936.0,1.322314049586778,6.05
SH.600064,南京高科,2024-04-10 00:00:00,6.13,6.1,6.16,6.05,5.059,0.00745,12894006,82372330.0,-0.48939641109298937,6.13
SH.600064,南京高科,2024-04-11 00:00:00,6.09,6.09,6.12,6.06,5.051,0.00563,9743047,62140589.0,-0.16393442622950471,6.1
SH.600064,南京高科,2024-04-12 00:00:00,6.07,6.08,6.14,6.05,5.043,0.00571,9881277,63007929.0,-0.16420361247947104,6.09
SH.600064,南京高科,2024-04-15 00:00:00,6.08,6.18,6.18,6.04,5.122,0.01167,20199426,129767545.0,1.644736842105257,6.08
SH.600064,南京高科,2024-04-16 00:00:00,6.15,6.24,6.3,6.15,5.17,0.01508,26089696,169941809.0,0.9708737864077751,6.18
SH.600064,南京高科,2024-04-17 00:00:00,6.22,6.3,6.3,6.19,5.218,0.0119,20585543,134345331.0,0.9615384615384551,6.24
SH.600064,南京高科,2024-04-18 00:00:00,6.28,6.3,6.37,6.28,5.218,0.00929,16081169,106142360.0,0.0,6.3
SH.600064,南京高科,2024-04-19 00:00:00,6.17,6.26,6.32,6.15,5.186,0.01284,22219176,145050590.0,-0.6349206349206356,6.3
SH.600064,南京高科,2024-04-22 00:00:00,6.23,6.18,6.31,6.17,5.122,0.0077,13321504,86685401.0,-1.2779552715654963,6.26
SH.600064,南京高科,2024-04-23 00:00:00,6.17,6.1,6.22,6.08,5.059,0.00672,11619488,74485212.0,-1.294498381877024,6.18
SH.600064,南京高科,2024-04-24 00:00:00,6.1,6.15,6.15,6.04,5.099,0.00484,8366488,53376835.0,0.8196721311475527,6.1
SH.600064,南京高科,2024-04-25 00:00:00,6.13,6.12,6.16,6.1,5.075,0.00485,8400396,53839569.0,-0.4878048780487845,6.15
SH.600064,南京高科,2024-04-26 00:00:00,6.1,6.15,6.15,6.0,5.099,0.00971,16809256,106943182.0,0.49019607843137664,6.12
SH.600064,南京高科,2024-04-29 00:00:00,5.97,6.11,6.18,5.82,7.652,0.02442,42255475,265731092.0,-0.6504065040650412,6.15
SH.600064,南京高科,2024-04-30 00:00:00,6.07,6.02,6.12,5.98,7.544,0.01413,24456865,154701576.0,-1.4729950900163788,6.11
SH.600064,南京高科,2024-05-06 00:00:00,6.11,6.08,6.21,6.06,7.616,0.015,25947307,166054677.0,0.9966777408637957,6.02
SH.600064,南京高科,2024-05-07 00:00:00,6.06,6.09,6.12,6.01,7.628,0.00863,14928737,94687290.0,0.1644736842105228,6.08
SH.600064,南京高科,2024-05-08 00:00:00,6.07,5.96,6.07,5.96,7.473,0.0084,14532630,91312906.0,-2.1346469622331674,6.09
SH.600064,南京高科,2024-05-09 00:00:00,5.95,6.02,6.08,5.95,7.544,0.01083,18737580,118096048.0,1.0067114093959666,5.96
SH.600064,南京高科,2024-05-10 00:00:00,6.03,6.13,6.14,6.0,7.676,0.01725,29855042,190133681.0,1.8272425249169488,6.02
SH.600064,南京高科,2024-05-13 00:00:00,6.12,6.1,6.14,6.04,7.64,0.01077,18630466,118784908.0,-0.48939641109298937,6.13
SH.600064,南京高科,2024-05-14 00:00:00,6.09,6.09,6.14,6.06,7.628,0.0076,13148620,83926588.0,-0.16393442622950471,6.1
SH.600064,南京高科,2024-05-15 00:00:00,6.07,6.14,6.21,6.05,7.688,0.01375,23795829,152923774.0,0.8210180623973699,6.09
SH.600064,南京高科,2024-05-16 00:00:00,6.13,6.25,6.33,6.13,7.82,0.02287,39570794,258752302.0,1.7915309446254124,6.14
SH.600064,南京高科,2024-05-17 00:00:00,6.29,6.53,6.54,6.23,8.155,0.03749,64865811,432822408.0,4.480000000000004,6.25
SH.600064,南京高科,2024-05-20 00:00:00,6.51,6.44,6.56,6.41,8.047,0.02908,50320412,339654662.0,-1.3782542113323102,6.53
SH.600064,南京高科,2024-05-21 00:00:00,6.42,6.56,6.62,6.4,8.191,0.02355,40744360,277692385.0,1.8633540372670687,6.44
SH.600064,南京高科,2024-05-22 00:00:00,6.6,6.57,6.75,6.52,8.203,0.03364,58204754,401912825.0,0.1524390243902542,6.56
SH.600064,南京高科,2024-05-23 00:00:00,6.51,6.42,6.52,6.38,8.023,0.02388,41320879,277821103.0,-2.2831050228310557,6.57
SH.600064,南京高科,2024-05-24 00:00:00,6.42,6.32,6.45,6.3,7.904,0.01215,21018888,139791858.0,-1.5576323987538885,6.42
SH.600064,南京高科,2024-05-27 00:00:00,6.33,6.35,6.37,6.25,7.94,0.00783,13553084,89168535.0,0.47468354430378734,6.32
SH.600064,南京高科,2024-05-28 00:00:00,6.36,6.21,6.39,6.19,7.772,0.01094,18935334,123734926.0,-2.204724409448814,6.35
SH.600064,南京高科,2024-05-29 00:00:00,6.2,6.19,6.29,6.16,7.748,0.00795,13752992,89334727.0,-0.3220611916264022,6.21
SH.600064,南京高科,2024-05-30 00:00:00,6.17,6.09,6.18,6.06,7.628,0.00839,14523419,92889786.0,-1.6155088852988775,6.19
SH.600064,南京高科,2024-05-31 00:00:00,6.07,6.08,6.13,6.07,7.616,0.00672,11633158,74159791.0,-0.16420361247947104,6.09
SH.600064,南京高科,2024-06-03 00:00:00,6.1,5.97,6.1,5.94,7.485,0.01126,19486270,122553885.0,-1.8092105263157947,6.08
SH.600064,南京高科,2024-06-04 00:00:00,5.96,6.05,6.09,5.93,7.58,0.00977,16899697,106628057.0,1.3400335008375222,5.97
SH.600064,南京高科,2024-06-05 00:00:00,6.06,5.93,6.06,5.93,7.437,0.00765,13242942,82883528.0,-1.9834710743801671,6.05
SH.600064,南京高科,2024-06-06 00:00:00,5.92,5.84,5.98,5.82,7.329,0.01186,20518720,126036608.0,-1.5177065767284967,5.93
SH.600064,南京高科,2024-06-07 00:00:00,5.86,5.95,5.95,5.86,7.461,0.00893,15455280,95687162.0,1.883561643835622,5.84
SH.600064,南京高科,2024-06-11 00:00:00,5.94,5.87,5.95,5.84,7.365,0.00919,15899492,98082658.0,-1.3445378151260516,5.95
SH.600064,南京高科,2024-06-12 00:00:00,5.85,5.84,5.87,5.8,7.329,0.00788,13629786,83357032.0,-0.5110732538330536,5.87
SH.600064,南京高科,2024-06-13 00:00:00,5.86,5.8,5.89,5.79,7.281,0.00743,12862276,78487558.0,-0.6849315068493157,5.84
SH.600064,南京高科,2024-06-14 00:00:00,5.79,5.86,5.88,5.78,7.353,0.00833,14421182,88154422.0,1.0344827586206984,5.8
SH.600064,南京高科,2024-06-17 00:00:00,5.84,5.83,5.92,5.81,7.317,0.0076,13153694,80733281.0,-0.5119453924914719,5.86
SH.600064,南京高科,2024-06-18 00:00:00,5.82,5.87,5.9,5.82,7.365,0.00564,9762486,59998262.0,0.6861063464837056,5.83
SH.600064,南京高科,2024-06-19 00:00:00,5.85,5.84,5.89,5.83,7.329,0.00414,7171129,44032088.0,-0.5110732538330536,5.87
SH.600064,南京高科,2024-06-20 00:00:00,5.84,5.76,5.85,5.74,7.233,0.00708,12253129,74221906.0,-1.3698630136986314,5.84
SH.600064,南京高科,2024-06-21 00:00:00,5.75,5.79,5.83,5.75,7.269,0.00579,10026122,60854658.0,0.5208333333333376,5.76
SH.600064,南京高科,2024-06-24 00:00:00,5.77,5.66,5.77,5.66,7.113,0.00784,13570762,81025755.0,-2.2452504317789272,5.79
SH.600064,南京高科,2024-06-25 00:00:00,5.65,5.69,5.71,5.63,7.149,0.00732,12674639,75468758.0,0.5300353356890503,5.66
SH.600064,南京高科,2024-06-26 00:00:00,5.67,5.76,5.77,5.66,7.233,0.00583,10081446,60501529.0,1.2302284710017468,5.69
SH.600064,南京高科,2024-06-27 00:00:00,5.75,5.75,5.78,5.72,7.221,0.00512,8862180,53469890.0,-0.1736111111111074,5.76
SH.600064,南京高科,2024-06-28 00:00:00,5.75,5.79,5.83,5.73,7.269,0.00641,11086645,67403361.0,0.6956521739130441,5.75
SH.600064,南京高科,2024-07-01 00:00:00,5.78,5.9,5.91,5.78,7.401,0.00822,14220802,87256199.0,1.8998272884283303,5.79
SH.600064,南京高科,2024-07-02 00:00:00,5.89,5.85,5.92,5.84,7.341,0.00609,10535600,64885861.0,-0.847457627118656,5.9
SH.600064,南京高科,2024-07-03 00:00:00,5.85,5.85,5.91,5.84,7.341,0.00504,8728726,53719857.0,0.0,5.85
SH.600064,南京高科,2024-07-04 00:00:00,5.87,5.76,5.87,5.75,7.233,0.00641,11096700,67480809.0,-1.538461538461536,5.85
SH.600064,南京高科,2024-07-05 00:00:00,5.76,5.76,5.79,5.72,7.233,0.00526,9099844,54916193.0,0.0,5.76
SH.600064,南京高科,2024-07-08 00:00:00,5.78,5.67,5.78,5.65,7.125,0.00593,10263096,61381763.0,-1.5624999999999976,5.76
SH.600064,南京高科,2024-07-09 00:00:00,5.68,5.74,5.76,5.6,7.209,0.00653,11306827,67434562.0,1.234567901234573,5.67
SH.600064,南京高科,2024-07-10 00:00:00,5.73,5.68,5.73,5.63,7.137,0.00673,11646648,69230340.0,-1.0452961672473953,5.74
SH.600064,南京高科,2024-07-11 00:00:00,5.73,5.77,5.78,5.7,7.245,0.00801,13863789,83571765.0,1.5845070422535186,5.68
SH.600064,南京高科,2024-07-12 00:00:00,5.77,5.83,5.88,5.75,7.317,0.00856,14812208,90545433.0,1.0398613518197661,5.77
SH.600064,南京高科,2024-07-15 00:00:00,5.84,5.83,5.85,5.77,7.317,0.00561,9704548,59141250.0,0.0,5.83
SH.600064,南京高科,2024-07-16 00:00:00,5.82,5.83,5.85,5.8,7.317,0.00608,10523904,64297133.0,0.0,5.83
SH.600064,南京高科,2024-07-17 00:00:00,5.85,5.88,5.89,5.84,7.041,0.00708,12244120,71893222.0,0.8576329331046282,5.83
SH.600064,南京高科,2024-07-18 00:00:00,5.89,5.88,5.89,5.8,7.041,0.00513,8874531,51974717.0,0.0,5.88
SH.600064,南京高科,2024-07-19 00:00:00,5.88,5.82,5.88,5.78,6.97,0.00649,11234100,65359909.0,-1.0204081632652995,5.88
SH.600064,南京高科,2024-07-22 00:00:00,5.8,5.74,5.83,5.71,6.874,0.006,10379332,59613042.0,-1.3745704467353963,5.82
SH.600064,南京高科,2024-07-23 00:00:00,5.75,5.73,5.81,5.72,6.862,0.00675,11682129,67356269.0,-0.17421602787456072,5.74
SH.600064,南京高科,2024-07-24 00:00:00,5.72,5.71,5.76,5.69,6.838,0.00446,7725472,44218916.0,-0.3490401396160639,5.73
SH.600064,南京高科,2024-07-25 00:00:00,5.7,5.73,5.76,5.69,6.862,0.00472,8161442,46792841.0,0.3502626970227752,5.71
SH.600064,南京高科,2024-07-26 00:00:00,5.72,5.75,5.78,5.72,6.886,0.00324,5605279,32242348.0,0.3490401396160484,5.73
SH.600064,南京高科,2024-07-29 00:00:00,5.75,5.73,5.78,5.7,6.862,0.00372,6441804,36952139.0,-0.34782608695651435,5.75
SH.600064,南京高科,2024-07-30 00:00:00,5.73,5.81,5.82,5.72,6.958,0.00544,9420191,54454319.0,1.396160558464209,5.73
SH.600064,南京高科,2024-07-31 00:00:00,5.83,5.94,5.96,5.81,7.113,0.00786,13595995,80351447.0,2.237521514629962,5.81
SH.600064,南京高科,2024-08-01 00:00:00,5.92,5.89,5.96,5.88,7.053,0.00598,10347302,61101535.0,-0.8417508417508537,5.94
SH.600064,南京高科,2024-08-02 00:00:00,5.87,5.9,5.96,5.86,7.065,0.0057,9860160,58341920.0,0.16977928692700636,5.89
SH.600064,南京高科,2024-08-05 00:00:00,5.91,5.89,5.99,5.88,7.053,0.00702,12153554,72201613.0,-0.16949152542374024,5.9
SH.600064,南京高科,2024-08-06 00:00:00,5.91,5.94,5.95,5.88,7.113,0.00547,9461902,56042556.0,0.8488964346349868,5.89
SH.600064,南京高科,2024-08-07 00:00:00,5.96,5.91,5.96,5.87,7.077,0.00471,8150940,48116759.0,-0.5050505050505092,5.94
SH.600064,南京高科,2024-08-08 00:00:00,5.92,5.99,6.04,5.91,7.173,0.00807,13961444,83552220.0,1.3536379018612532,5.91
SH.600064,南京高科,2024-08-09 00:00:00,6.0,6.05,6.1,5.98,7.245,0.0084,14527060,88124245.0,1.0016694490817963,5.99
SH.600064,南京高科,2024-08-12 00:00:00,6.06,6.06,6.11,6.02,7.257,0.00754,13049367,79215144.0,0.1652892561983436,6.05
SH.600064,南京高科,2024-08-13 00:00:00,6.06,6.06,6.08,6.01,7.257,0.00504,8715460,52702290.0,0.0,6.06
SH.600064,南京高科,2024-08-14 00:00:00,6.08,6.05,6.09,6.03,7.245,0.00474,8197760,49679894.0,-0.16501650165016152,6.06
SH.600064,南京高科,2024-08-15 00:00:00,6.05,6.09,6.12,6.02,7.293,0.00517,8945923,54408678.0,0.661157024793389,6.05
SH.600064,南京高科,2024-08-16 00:00:00,6.06,6.04,6.12,6.04,7.233,0.0047,8124827,49361409.0,-0.8210180623973699,6.09
SH.600064,南京高科,2024-08-19 00:00:00,6.03,6.02,6.06,5.99,7.209,0.00655,11331588,68306671.0,-0.33112582781457717,6.04
SH.600064,南京高科,2024-08-20 00:00:00,6.03,5.94,6.05,5.9,7.113,0.00581,10047220,59804054.0,-1.3289036544850363,6.02
SH.600064,南京高科,2024-08-21 00:00:00,5.93,5.85,5.94,5.81,7.005,0.00427,7390640,43382873.0,-1.5151515151515276,5.94
SH.600064,南京高科,2024-08-22 00:00:00,5.86,5.82,5.9,5.81,6.97,0.00347,6002208,35081037.0,-0.5128205128205019,5.85
SH.600064,南京高科,2024-08-23 00:00:00,5.81,5.8,5.83,5.77,6.946,0.00317,5491564,31852345.0,-0.34364261168385674,5.82
SH.600064,南京高科,2024-08-26 00:00:00,5.78,5.78,5.84,5.77,6.922,0.0029,5012157,29044901.0,-0.3448275862068892,5.8
SH.600064,南京高科,2024-08-27 00:00:00,5.78,5.73,5.79,5.71,6.862,0.00406,7019468,40277925.0,-0.8650519031141838,5.78
SH.600064,南京高科,2024-08-28 00:00:00,5.72,5.68,5.75,5.68,6.802,0.00438,7587449,43306675.0,-0.8726003490401519,5.73
SH.600064,南京高科,2024-08-29 00:00:00,5.67,5.62,5.69,5.62,6.828,0.00668,11555391,65238224.0,-1.0563380281690073,5.68
SH.600064,南京高科,2024-08-30 00:00:00,5.66,5.78,5.91,5.65,7.023,0.01526,26408961,152836535.0,2.8469750889679744,5.62
SH.600064,南京高科,2024-09-02 00:00:00,5.77,5.72,5.8,5.71,6.95,0.00746,12903300,74214505.0,-1.0380622837370328,5.78
SH.600064,南京高科,2024-09-03 00:00:00,5.74,5.73,5.76,5.69,6.962,0.00665,11504012,65819926.0,0.17482517482518664,5.72
SH.600064,南京高科,2024-09-04 00:00:00,5.7,5.67,5.77,5.66,6.889,0.00628,10859764,61933722.0,-1.0471204188481762,5.73
SH.600064,南京高科,2024-09-05 00:00:00,5.73,5.75,5.76,5.7,6.986,0.00674,11659960,66923473.0,1.4109347442680789,5.67
SH.600064,南京高科,2024-09-06 00:00:00,5.75,5.71,5.79,5.71,6.938,0.00486,8411820,48317908.0,-0.6956521739130441,5.75
SH.600064,南京高科,2024-09-09 00:00:00,5.73,5.64,5.74,5.63,6.852,0.00505,8733558,49409584.0,-1.2259194395796897,5.71
SH.600064,南京高科,2024-09-10 00:00:00,5.63,5.56,5.66,5.51,6.755,0.00678,11735752,65231944.0,-1.4184397163120581,5.64
SH.600064,南京高科,2024-09-11 00:00:00,5.55,5.47,5.55,5.45,6.646,0.00522,9033475,49591310.0,-1.6187050359712205,5.56
SH.600064,南京高科,2024-09-12 00:00:00,5.47,5.5,5.56,5.47,6.682,0.00461,7981127,44082189.0,0.5484460694698401,5.47
SH.600064,南京高科,2024-09-13 00:00:00,5.5,5.52,5.58,5.49,6.707,0.00561,9714198,53834883.0,0.3636363636363559,5.5
SH.600064,南京高科,2024-09-18 00:00:00,5.53,5.58,5.59,5.43,6.78,0.00669,11574158,63716631.0,1.0869565217391397,5.52
SH.600064,南京高科,2024-09-19 00:00:00,5.61,5.7,5.74,5.59,6.925,0.00744,12867496,72991512.0,2.1505376344086042,5.58
SH.600064,南京高科,2024-09-20 00:00:00,5.66,5.72,5.74,5.64,6.95,0.00617,10683324,60871739.0,0.3508771929824486,5.7
SH.600064,南京高科,2024-09-23 00:00:00,5.72,5.76,5.79,5.7,6.998,0.00527,9120988,52510935.0,0.6993006993007,5.72
SH.600064,南京高科,2024-09-24 00:00:00,5.83,6.03,6.04,5.81,7.326,0.01512,26155972,154714181.0,4.687500000000008,5.76
SH.600064,南京高科,2024-09-25 00:00:00,6.09,6.2,6.35,6.08,7.533,0.01739,30082801,188255746.0,2.8192371475953553,6.03
SH.600064,南京高科,2024-09-26 00:00:00,6.23,6.58,6.59,6.2,7.995,0.02342,40523057,259373843.0,6.129032258064514,6.2
SH.600064,南京高科,2024-09-27 00:00:00,6.79,6.69,6.82,6.53,8.128,0.01998,34572610,230473901.0,1.6717325227963573,6.58
SH.600064,南京高科,2024-09-30 00:00:00,6.96,7.24,7.3,6.86,8.797,0.04296,74338250,527738146.0,8.221225710014943,6.69
SH.600064,南京高科,2024-10-08 00:00:00,7.96,7.62,7.96,7.36,9.258,0.04843,83804567,643487810.0,5.248618784530385,7.24
SH.600064,南京高科,2024-10-09 00:00:00,7.42,6.86,7.44,6.86,8.335,0.0362,62644784,443665405.0,-9.973753280839892,7.62
SH.600064,南京高科,2024-10-10 00:00:00,6.92,6.86,7.05,6.69,8.335,0.02207,38184325,263044849.0,0.0,6.86
SH.600064,南京高科,2024-10-11 00:00:00,6.87,6.68,6.87,6.62,8.116,0.0187,32357384,218106102.0,-2.6239067055393672,6.86
SH.600064,南京高科,2024-10-14 00:00:00,6.83,6.88,6.91,6.68,8.359,0.01866,32283253,219857417.0,2.994011976047907,6.68
SH.600064,南京高科,2024-10-15 00:00:00,6.82,6.72,6.91,6.72,8.165,0.0139,24044419,163560068.0,-2.325581395348839,6.88
SH.600064,南京高科,2024-10-16 00:00:00,6.72,6.94,6.98,6.71,8.432,0.02177,37673081,259065167.0,3.2738095238095335,6.72
SH.600064,南京高科,2024-10-17 00:00:00,7.0,6.69,7.0,6.69,8.128,0.01744,30184488,205668646.0,-3.602305475504323,6.94
SH.600064,南京高科,2024-10-18 00:00:00,6.7,6.84,6.95,6.57,8.311,0.02062,35679636,241582340.0,2.242152466367705,6.69
SH.600064,南京高科,2024-10-21 00:00:00,6.86,6.78,6.86,6.73,8.238,0.01515,26218646,177855006.0,-0.8771929824561345,6.84
SH.600064,南京高科,2024-10-22 00:00:00,6.78,6.8,6.85,6.73,8.262,0.01157,20014246,135445800.0,0.29498525073745685,6.78
SH.600064,南京高科,2024-10-23 00:00:00,6.79,6.9,6.9,6.77,6.906,0.01457,25210490,172911154.0,1.4705882352941255,6.8
SH.600064,南京高科,2024-10-24 00:00:00,7.09,7.12,7.29,7.06,7.127,0.03137,54282708,388288848.0,3.1884057971014457,6.9
SH.600064,南京高科,2024-10-25 00:00:00,7.16,7.28,7.3,7.13,7.287,0.02183,37773636,273669086.0,2.247191011235957,7.12
SH.600064,南京高科,2024-10-28 00:00:00,7.36,7.5,7.51,7.27,7.507,0.02136,36954178,274741575.0,3.0219780219780183,7.28
SH.600064,南京高科,2024-10-29 00:00:00,7.47,7.34,7.56,7.32,7.347,0.02104,36400349,270237753.0,-2.1333333333333355,7.5
SH.600064,南京高科,2024-10-30 00:00:00,7.33,7.39,7.52,7.29,7.397,0.01427,24692281,182983153.0,0.6811989100817415,7.34
SH.600064,南京高科,2024-10-31 00:00:00,7.38,7.55,7.64,7.3,7.557,0.02432,42088680,317185374.0,2.1650879566982426,7.39
SH.600064,南京高科,2024-11-01 00:00:00,7.55,7.57,7.69,7.43,7.577,0.02195,37981254,287285632.0,0.26490066225166176,7.55
SH.600064,南京高科,2024-11-04 00:00:00,7.57,7.78,7.78,7.48,7.787,0.02227,38538276,295200505.0,2.7741083223249663,7.57
SH.600064,南京高科,2024-11-05 00:00:00,7.92,8.34,8.46,7.84,8.348,0.03504,60630969,501391951.0,7.197943444730072,7.78
